product_name,product_name_ar,category,subcategory,age_group,gender,description,description_ar,short_description,short_description_ar,selling_price_usd,compare_at_price_usd,price_varies,price_max_usd,currency,size_variations,color_variations,color_variations_ar,in_stock,stock_qty,is_new,is_featured,tags,status,handle,image_url,image_alt
Footed Overall,أوفرول برجلين,Apparel,Footed Overall,Newborn,Girls,"Adorable everyday wear that keeps your little one comfy from morning to nap time. A footed overall designed for newborns. Designed for girls. Available in sizes 0-3M, 3-6M, 6-9M — choose the right fit as baby grows. Soft, breathable cotton-blend fabric. Machine wash cold, gentle cycle. Imported from Turkey.","لبس ناعم ومريح يخلّي صغيرك مرتاح من الصبح لوقت النوم. أوفرول برجلين (تولوم) للمواليد الجدد. تصميم للبنات. متوفّر بقياسات 0-3M, 3-6M, 6-9M — اختاري القياس المناسب مع ما يكبر صغيرك. قماش قطن ناعم وبيتنفّس. غسيل بمي باردة على دورة خفيفة. مستورد من تركيا.",Adorable everyday wear that keeps your little one comfy from morning to nap time.,لبس ناعم ومريح يخلّي صغيرك مرتاح من الصبح لوقت النوم.,26.99,,FALSE,,USD,0-3M|3-6M|6-9M,,,TRUE,3,TRUE,FALSE,"Apparel, Newborn, Girls, New Arrival",Active,footed-overall,,Footed Overall - Miniyo
Footed Overall With Bonnet,أوفرول برجلين,Apparel,Footed Overall,Newborn,Girls,"Adorable everyday wear that keeps your little one comfy from morning to nap time. A footed overall designed for newborns. Designed for girls. Available in sizes 0-3M, 3-6M, 6-9M — choose the right fit as baby grows. Soft, breathable cotton-blend fabric. Machine wash cold, gentle cycle. Imported from Turkey.","لبس ناعم ومريح يخلّي صغيرك مرتاح من الصبح لوقت النوم. أوفرول برجلين (تولوم) للمواليد الجدد. تصميم للبنات. متوفّر بقياسات 0-3M, 3-6M, 6-9M — اختاري القياس المناسب مع ما يكبر صغيرك. قماش قطن ناعم وبيتنفّس. غسيل بمي باردة على دورة خفيفة. مستورد من تركيا.",Adorable everyday wear that keeps your little one comfy from morning to nap time.,لبس ناعم ومريح يخلّي صغيرك مرتاح من الصبح لوقت النوم.,24.99,,FALSE,,USD,0-3M|3-6M|6-9M,,,TRUE,4,TRUE,FALSE,"Apparel, Newborn, Girls, New Arrival",Active,footed-overall-with-bonnet,,Footed Overall With Bonnet - Miniyo
5-Piece Newborn Gift Set,طقم ٥ قطع للمولود,Set,5-piece Newborn Set,Newborn,Girls,"A complete, ready-to-gift set — beautifully coordinated so you don't have to mix and match. This 5-piece newborn set comes as a coordinated set — great value and an easy gift. Designed for girls. Soft, breathable cotton-blend fabric. Machine wash cold, gentle cycle. Imported from Turkey.",طقم كامل ومنسّق، جاهز كهدية حلوة وما بدّك تجمّع القطع لحالك. هيدا طقم ٥ قطع للمولود منسّق، قيمة حلوة وهدية سهلة. تصميم للبنات. قماش قطن ناعم وبيتنفّس. غسيل بمي باردة على دورة خفيفة. مستورد من تركيا.,"A complete, ready-to-gift set — beautifully coordinated so you don't have to mix and match.",طقم كامل ومنسّق، جاهز كهدية حلوة وما بدّك تجمّع القطع لحالك.,43.99,,FALSE,,USD,,,,TRUE,3,TRUE,FALSE,"Set, Newborn, Girls, New Arrival, Gift Set",Active,5-piece-newborn-gift-set,,5-Piece Newborn Gift Set - Miniyo
5-Piece Newborn Set,طقم ٥ قطع للمولود,Set,5-piece Newborn Set,Newborn,Girls,"A complete, ready-to-gift set — beautifully coordinated so you don't have to mix and match. This 5-piece newborn set comes as a coordinated set — great value and an easy gift. Designed for girls. Soft, breathable cotton-blend fabric. Machine wash cold, gentle cycle. Imported from Turkey.",طقم كامل ومنسّق، جاهز كهدية حلوة وما بدّك تجمّع القطع لحالك. هيدا طقم ٥ قطع للمولود منسّق، قيمة حلوة وهدية سهلة. تصميم للبنات. قماش قطن ناعم وبيتنفّس. غسيل بمي باردة على دورة خفيفة. مستورد من تركيا.,"A complete, ready-to-gift set — beautifully coordinated so you don't have to mix and match.",طقم كامل ومنسّق، جاهز كهدية حلوة وما بدّك تجمّع القطع لحالك.,40.99,,FALSE,,USD,,,,TRUE,1,TRUE,FALSE,"Set, Newborn, Girls, New Arrival, Gift Set",Active,5-piece-newborn-set,,5-Piece Newborn Set - Miniyo
5-Piece Newborn Set,طقم ٥ قطع للمولود,Set,5-piece Newborn Set,Newborn,Girls,"A complete, ready-to-gift set — beautifully coordinated so you don't have to mix and match. This 5-piece newborn set comes as a coordinated set — great value and an easy gift. Designed for girls. Soft, breathable cotton-blend fabric. Machine wash cold, gentle cycle. Imported from Turkey.",طقم كامل ومنسّق، جاهز كهدية حلوة وما بدّك تجمّع القطع لحالك. هيدا طقم ٥ قطع للمولود منسّق، قيمة حلوة وهدية سهلة. تصميم للبنات. قماش قطن ناعم وبيتنفّس. غسيل بمي باردة على دورة خفيفة. مستورد من تركيا.,"A complete, ready-to-gift set — beautifully coordinated so you don't have to mix and match.",طقم كامل ومنسّق، جاهز كهدية حلوة وما بدّك تجمّع القطع لحالك.,35.99,,FALSE,,USD,,,,TRUE,2,TRUE,FALSE,"Set, Newborn, Girls, New Arrival, Gift Set",Active,5-piece-newborn-set-2,,5-Piece Newborn Set - Miniyo
Streamlined Salopette Set,طقم سالوبيت,Apparel,Salopette Set,Baby,Unisex,"Adorable everyday wear that keeps your little one comfy from morning to nap time. A salopette set designed for babies. Unisex design suits any little one. Available in sizes 3-6M, 6-9M, 9-12M — choose the right fit as baby grows. Soft, breathable cotton-blend fabric. Machine wash cold, gentle cycle. Imported from Turkey.","لبس ناعم ومريح يخلّي صغيرك مرتاح من الصبح لوقت النوم. هيدا طقم سالوبيت منسّق، قيمة حلوة وهدية سهلة. تصميم مناسب للبنت والصبي. متوفّر بقياسات 3-6M, 6-9M, 9-12M — اختاري القياس المناسب مع ما يكبر صغيرك. قماش قطن ناعم وبيتنفّس. غسيل بمي باردة على دورة خفيفة. مستورد من تركيا.",Adorable everyday wear that keeps your little one comfy from morning to nap time.,لبس ناعم ومريح يخلّي صغيرك مرتاح من الصبح لوقت النوم.,33.99,,FALSE,,USD,3-6M|6-9M|9-12M,,,TRUE,3,TRUE,FALSE,"Apparel, Baby, New Arrival, Gift Set",Active,streamlined-salopette-set,,Streamlined Salopette Set - Miniyo
Penolope Footed Overall,أوفرول برجلين,Apparel,Footed Overall,Baby,Unisex,"Adorable everyday wear that keeps your little one comfy from morning to nap time. A footed overall designed for babies. Unisex design suits any little one. Available in sizes 12-18M, 18-24M, 6-9M, 9-12M — choose the right fit as baby grows. Soft, breathable cotton-blend fabric. Machine wash cold, gentle cycle. Imported from Turkey.","لبس ناعم ومريح يخلّي صغيرك مرتاح من الصبح لوقت النوم. أوفرول برجلين (تولوم) للبيبيهات. تصميم مناسب للبنت والصبي. متوفّر بقياسات 12-18M, 18-24M, 6-9M, 9-12M — اختاري القياس المناسب مع ما يكبر صغيرك. قماش قطن ناعم وبيتنفّس. غسيل بمي باردة على دورة خفيفة. مستورد من تركيا.",Adorable everyday wear that keeps your little one comfy from morning to nap time.,لبس ناعم ومريح يخلّي صغيرك مرتاح من الصبح لوقت النوم.,26.99,,FALSE,,USD,6-9M|9-12M|12-18M|18-24M,,,TRUE,5,TRUE,FALSE,"Apparel, Baby, New Arrival",Active,penolope-footed-overall,,Penolope Footed Overall - Miniyo
Crispy Flower 2-Piece Set,طقم قطعتين,Apparel,2-piece Set,Baby,Girls,"Adorable everyday wear that keeps your little one comfy from morning to nap time. This 2-piece set comes as a coordinated set — great value and an easy gift. Designed for girls. Available in sizes 0-3M, 3-6M, 6-9M, 9-12M — choose the right fit as baby grows. Soft, breathable cotton-blend fabric. Machine wash cold, gentle cycle. Imported from Turkey.","لبس ناعم ومريح يخلّي صغيرك مرتاح من الصبح لوقت النوم. هيدا طقم قطعتين منسّق، قيمة حلوة وهدية سهلة. تصميم للبنات. متوفّر بقياسات 0-3M, 3-6M, 6-9M, 9-12M — اختاري القياس المناسب مع ما يكبر صغيرك. قماش قطن ناعم وبيتنفّس. غسيل بمي باردة على دورة خفيفة. مستورد من تركيا.",Adorable everyday wear that keeps your little one comfy from morning to nap time.,لبس ناعم ومريح يخلّي صغيرك مرتاح من الصبح لوقت النوم.,28.99,,FALSE,,USD,0-3M|3-6M|6-9M|9-12M,,,TRUE,4,TRUE,FALSE,"Apparel, Baby, Girls, New Arrival, Gift Set",Active,crispy-flower-2-piece-set,,Crispy Flower 2-Piece Set - Miniyo
Newborn 2-Piece Overall Set,طقم قطعتين,Apparel,2-piece Set,Newborn,Boys,"Adorable everyday wear that keeps your little one comfy from morning to nap time. This 2-piece set comes as a coordinated set — great value and an easy gift. Designed for boys. Available in sizes 0-3M, 3-6M, 6-9M — choose the right fit as baby grows. Soft, breathable cotton-blend fabric. Machine wash cold, gentle cycle. Imported from Turkey.","لبس ناعم ومريح يخلّي صغيرك مرتاح من الصبح لوقت النوم. هيدا طقم قطعتين منسّق، قيمة حلوة وهدية سهلة. تصميم للصبيان. متوفّر بقياسات 0-3M, 3-6M, 6-9M — اختاري القياس المناسب مع ما يكبر صغيرك. قماش قطن ناعم وبيتنفّس. غسيل بمي باردة على دورة خفيفة. مستورد من تركيا.",Adorable everyday wear that keeps your little one comfy from morning to nap time.,لبس ناعم ومريح يخلّي صغيرك مرتاح من الصبح لوقت النوم.,26.99,,FALSE,,USD,0-3M|3-6M|6-9M,,,TRUE,3,TRUE,FALSE,"Apparel, Newborn, Boys, New Arrival, Gift Set",Active,newborn-2-piece-overall-set,,Newborn 2-Piece Overall Set - Miniyo
Newborn 10-Piece Boy Set,طقم ١٠ قطع,Set,10-piece Set,Newborn,Boys,"A complete, ready-to-gift set — beautifully coordinated so you don't have to mix and match. This 10-piece set comes as a coordinated set — great value and an easy gift. Designed for boys. Soft, breathable cotton-blend fabric. Machine wash cold, gentle cycle. Imported from Turkey.",طقم كامل ومنسّق، جاهز كهدية حلوة وما بدّك تجمّع القطع لحالك. هيدا طقم ١٠ قطع منسّق، قيمة حلوة وهدية سهلة. تصميم للصبيان. قماش قطن ناعم وبيتنفّس. غسيل بمي باردة على دورة خفيفة. مستورد من تركيا.,"A complete, ready-to-gift set — beautifully coordinated so you don't have to mix and match.",طقم كامل ومنسّق، جاهز كهدية حلوة وما بدّك تجمّع القطع لحالك.,98.99,,FALSE,,USD,,,,TRUE,1,TRUE,FALSE,"Set, Newborn, Boys, New Arrival, Gift Set",Active,newborn-10-piece-boy-set,,Newborn 10-Piece Boy Set - Miniyo
Plaid 10-Piece Boy Set,طقم ١٠ قطع,Set,10-piece Set,Newborn,Boys,"A complete, ready-to-gift set — beautifully coordinated so you don't have to mix and match. This 10-piece set comes as a coordinated set — great value and an easy gift. Designed for boys. Soft, breathable cotton-blend fabric. Machine wash cold, gentle cycle. Imported from Turkey.",طقم كامل ومنسّق، جاهز كهدية حلوة وما بدّك تجمّع القطع لحالك. هيدا طقم ١٠ قطع منسّق، قيمة حلوة وهدية سهلة. تصميم للصبيان. قماش قطن ناعم وبيتنفّس. غسيل بمي باردة على دورة خفيفة. مستورد من تركيا.,"A complete, ready-to-gift set — beautifully coordinated so you don't have to mix and match.",طقم كامل ومنسّق، جاهز كهدية حلوة وما بدّك تجمّع القطع لحالك.,81.99,,FALSE,,USD,,,,TRUE,1,TRUE,FALSE,"Set, Newborn, Boys, New Arrival, Gift Set",Active,plaid-10-piece-boy-set,,Plaid 10-Piece Boy Set - Miniyo
Swaddle,قماط,Apparel,Swaddle,Baby,Unisex,"Adorable everyday wear that keeps your little one comfy from morning to nap time. A swaddle designed for babies. Unisex design suits any little one. Choose from Beige, Gray. Soft, breathable cotton-blend fabric. Machine wash cold, gentle cycle. Imported from Turkey.","لبس ناعم ومريح يخلّي صغيرك مرتاح من الصبح لوقت النوم. قماط (كندك) للبيبيهات. تصميم مناسب للبنت والصبي. بتختاري بين بيج, رمادي. قماش قطن ناعم وبيتنفّس. غسيل بمي باردة على دورة خفيفة. مستورد من تركيا.",Adorable everyday wear that keeps your little one comfy from morning to nap time.,لبس ناعم ومريح يخلّي صغيرك مرتاح من الصبح لوقت النوم.,19.99,,FALSE,,USD,,Beige|Gray,بيج|رمادي,TRUE,4,TRUE,FALSE,"Apparel, Baby, New Arrival",Active,swaddle,,Swaddle - Miniyo
Swaddle,قماط,Apparel,Swaddle,Baby,Girls,"Adorable everyday wear that keeps your little one comfy from morning to nap time. A swaddle designed for babies. Designed for girls. Soft, breathable cotton-blend fabric. Machine wash cold, gentle cycle. Imported from Turkey.",لبس ناعم ومريح يخلّي صغيرك مرتاح من الصبح لوقت النوم. قماط (كندك) للبيبيهات. تصميم للبنات. قماش قطن ناعم وبيتنفّس. غسيل بمي باردة على دورة خفيفة. مستورد من تركيا.,Adorable everyday wear that keeps your little one comfy from morning to nap time.,لبس ناعم ومريح يخلّي صغيرك مرتاح من الصبح لوقت النوم.,19.99,,FALSE,,USD,,,,TRUE,2,TRUE,FALSE,"Apparel, Baby, Girls, New Arrival",Active,swaddle-2,,Swaddle - Miniyo
Bib,مريول,Accessories,Bib,Baby,Unisex,"The finishing touch every little outfit needs. A bib designed for babies. Unisex design suits any little one. Soft, breathable cotton-blend fabric. Machine wash cold, gentle cycle. Imported from Turkey.",اللمسة الأخيرة يلي بتكمّل إطلالة صغيرك. مريول (صدرية) للبيبيهات. تصميم مناسب للبنت والصبي. قماش قطن ناعم وبيتنفّس. غسيل بمي باردة على دورة خفيفة. مستورد من تركيا.,The finishing touch every little outfit needs.,اللمسة الأخيرة يلي بتكمّل إطلالة صغيرك.,6.99,,FALSE,,USD,,,,TRUE,4,TRUE,FALSE,"Accessories, Baby, New Arrival",Active,bib,,Bib - Miniyo
Bib,مريول,Accessories,Bib,Baby,Unisex,"The finishing touch every little outfit needs. A bib designed for babies. Unisex design suits any little one. Soft, breathable cotton-blend fabric. Machine wash cold, gentle cycle. Imported from Turkey.",اللمسة الأخيرة يلي بتكمّل إطلالة صغيرك. مريول (صدرية) للبيبيهات. تصميم مناسب للبنت والصبي. قماش قطن ناعم وبيتنفّس. غسيل بمي باردة على دورة خفيفة. مستورد من تركيا.,The finishing touch every little outfit needs.,اللمسة الأخيرة يلي بتكمّل إطلالة صغيرك.,6.99,,FALSE,,USD,,,,TRUE,4,TRUE,FALSE,"Accessories, Baby, New Arrival",Active,bib-2,,Bib - Miniyo
Bib,مريول,Accessories,Bib,Baby,Unisex,"The finishing touch every little outfit needs. A bib designed for babies. Unisex design suits any little one. Soft, breathable cotton-blend fabric. Machine wash cold, gentle cycle. Imported from Turkey.",اللمسة الأخيرة يلي بتكمّل إطلالة صغيرك. مريول (صدرية) للبيبيهات. تصميم مناسب للبنت والصبي. قماش قطن ناعم وبيتنفّس. غسيل بمي باردة على دورة خفيفة. مستورد من تركيا.,The finishing touch every little outfit needs.,اللمسة الأخيرة يلي بتكمّل إطلالة صغيرك.,12.99,,FALSE,,USD,,,,TRUE,4,TRUE,FALSE,"Accessories, Baby, New Arrival",Active,bib-3,,Bib - Miniyo
Pacifier Clip,علاقة لهاية,Accessories,Pacifier Clip,Baby,Unisex,"The finishing touch every little outfit needs. A pacifier clip designed for babies. Unisex design suits any little one. Soft, breathable cotton-blend fabric. Machine wash cold, gentle cycle. Imported from Turkey.",اللمسة الأخيرة يلي بتكمّل إطلالة صغيرك. علاقة لهاية للبيبيهات. تصميم مناسب للبنت والصبي. قماش قطن ناعم وبيتنفّس. غسيل بمي باردة على دورة خفيفة. مستورد من تركيا.,The finishing touch every little outfit needs.,اللمسة الأخيرة يلي بتكمّل إطلالة صغيرك.,8.99,,FALSE,,USD,,,,TRUE,6,TRUE,FALSE,"Accessories, Baby, New Arrival",Active,pacifier-clip,,Pacifier Clip - Miniyo
Pacifier Clip,علاقة لهاية,Accessories,Pacifier Clip,Baby,Unisex,"The finishing touch every little outfit needs. A pacifier clip designed for babies. Unisex design suits any little one. Soft, breathable cotton-blend fabric. Machine wash cold, gentle cycle. Imported from Turkey.",اللمسة الأخيرة يلي بتكمّل إطلالة صغيرك. علاقة لهاية للبيبيهات. تصميم مناسب للبنت والصبي. قماش قطن ناعم وبيتنفّس. غسيل بمي باردة على دورة خفيفة. مستورد من تركيا.,The finishing touch every little outfit needs.,اللمسة الأخيرة يلي بتكمّل إطلالة صغيرك.,3.99,,FALSE,,USD,,,,TRUE,6,TRUE,FALSE,"Accessories, Baby, New Arrival",Active,pacifier-clip-2,,Pacifier Clip - Miniyo
Hat,طاقية,Accessories,Hat,Baby,Unisex,"The finishing touch every little outfit needs. A hat designed for babies. Unisex design suits any little one. Soft, breathable cotton-blend fabric. Machine wash cold, gentle cycle. Imported from Turkey.",اللمسة الأخيرة يلي بتكمّل إطلالة صغيرك. طاقية للبيبيهات. تصميم مناسب للبنت والصبي. قماش قطن ناعم وبيتنفّس. غسيل بمي باردة على دورة خفيفة. مستورد من تركيا.,The finishing touch every little outfit needs.,اللمسة الأخيرة يلي بتكمّل إطلالة صغيرك.,3.99,,FALSE,,USD,,,,TRUE,4,TRUE,FALSE,"Accessories, Baby, New Arrival",Active,hat,,Hat - Miniyo
Hat,طاقية,Accessories,Hat,Baby,Unisex,"The finishing touch every little outfit needs. A hat designed for babies. Unisex design suits any little one. Soft, breathable cotton-blend fabric. Machine wash cold, gentle cycle. Imported from Turkey.",اللمسة الأخيرة يلي بتكمّل إطلالة صغيرك. طاقية للبيبيهات. تصميم مناسب للبنت والصبي. قماش قطن ناعم وبيتنفّس. غسيل بمي باردة على دورة خفيفة. مستورد من تركيا.,The finishing touch every little outfit needs.,اللمسة الأخيرة يلي بتكمّل إطلالة صغيرك.,3.99,,FALSE,,USD,,,,TRUE,4,TRUE,FALSE,"Accessories, Baby, New Arrival",Active,hat-2,,Hat - Miniyo
Hat,طاقية,Accessories,Hat,Baby,Girls,"The finishing touch every little outfit needs. A hat designed for babies. Designed for girls. Soft, breathable cotton-blend fabric. Machine wash cold, gentle cycle. Imported from Turkey.",اللمسة الأخيرة يلي بتكمّل إطلالة صغيرك. طاقية للبيبيهات. تصميم للبنات. قماش قطن ناعم وبيتنفّس. غسيل بمي باردة على دورة خفيفة. مستورد من تركيا.,The finishing touch every little outfit needs.,اللمسة الأخيرة يلي بتكمّل إطلالة صغيرك.,6.99,,FALSE,,USD,,,,TRUE,4,TRUE,FALSE,"Accessories, Baby, Girls, New Arrival",Active,hat-3,,Hat - Miniyo
Bib,مريول,Accessories,Bib,Baby,Girls,"The finishing touch every little outfit needs. A bib designed for babies. Designed for girls. Soft, breathable cotton-blend fabric. Machine wash cold, gentle cycle. Imported from Turkey.",اللمسة الأخيرة يلي بتكمّل إطلالة صغيرك. مريول (صدرية) للبيبيهات. تصميم للبنات. قماش قطن ناعم وبيتنفّس. غسيل بمي باردة على دورة خفيفة. مستورد من تركيا.,The finishing touch every little outfit needs.,اللمسة الأخيرة يلي بتكمّل إطلالة صغيرك.,6.99,,FALSE,,USD,,,,TRUE,4,TRUE,FALSE,"Accessories, Baby, Girls, New Arrival",Active,bib-4,,Bib - Miniyo
Pacifier Clip,علاقة لهاية,Accessories,Pacifier Clip,Baby,Unisex,"The finishing touch every little outfit needs. A pacifier clip designed for babies. Unisex design suits any little one. Soft, breathable cotton-blend fabric. Machine wash cold, gentle cycle. Imported from Turkey.",اللمسة الأخيرة يلي بتكمّل إطلالة صغيرك. علاقة لهاية للبيبيهات. تصميم مناسب للبنت والصبي. قماش قطن ناعم وبيتنفّس. غسيل بمي باردة على دورة خفيفة. مستورد من تركيا.,The finishing touch every little outfit needs.,اللمسة الأخيرة يلي بتكمّل إطلالة صغيرك.,2.99,,FALSE,,USD,,,,TRUE,6,TRUE,FALSE,"Accessories, Baby, New Arrival",Active,pacifier-clip-3,,Pacifier Clip - Miniyo
Knitted Baby Blanket,بطانية مكرّمة,Accessories,Knitted Baby Blanket,Baby,Unisex,"The finishing touch every little outfit needs. A knitted baby blanket designed for babies. Unisex design suits any little one. Soft, breathable cotton-blend fabric. Machine wash cold, gentle cycle. Imported from Turkey.",اللمسة الأخيرة يلي بتكمّل إطلالة صغيرك. بطانية مكرّمة (تريكو) للبيبيهات. تصميم مناسب للبنت والصبي. قماش قطن ناعم وبيتنفّس. غسيل بمي باردة على دورة خفيفة. مستورد من تركيا.,The finishing touch every little outfit needs.,اللمسة الأخيرة يلي بتكمّل إطلالة صغيرك.,28.99,,FALSE,,USD,,,,TRUE,1,TRUE,FALSE,"Accessories, Baby, New Arrival",Active,knitted-baby-blanket,,Knitted Baby Blanket - Miniyo
Knitted Baby Blanket,بطانية مكرّمة,Accessories,Knitted Baby Blanket,Baby,Unisex,"The finishing touch every little outfit needs. A knitted baby blanket designed for babies. Unisex design suits any little one. Choose from Beige, Ecru. Soft, breathable cotton-blend fabric. Machine wash cold, gentle cycle. Imported from Turkey.","اللمسة الأخيرة يلي بتكمّل إطلالة صغيرك. بطانية مكرّمة (تريكو) للبيبيهات. تصميم مناسب للبنت والصبي. بتختاري بين بيج, إكرو. قماش قطن ناعم وبيتنفّس. غسيل بمي باردة على دورة خفيفة. مستورد من تركيا.",The finishing touch every little outfit needs.,اللمسة الأخيرة يلي بتكمّل إطلالة صغيرك.,28.99,,FALSE,,USD,,Beige|Ecru,بيج|إكرو,TRUE,2,TRUE,FALSE,"Accessories, Baby, New Arrival",Active,knitted-baby-blanket-2,,Knitted Baby Blanket - Miniyo
Knitted Baby Blanket,بطانية مكرّمة,Accessories,Knitted Baby Blanket,Baby,Unisex,"The finishing touch every little outfit needs. A knitted baby blanket designed for babies. Unisex design suits any little one. Soft, breathable cotton-blend fabric. Machine wash cold, gentle cycle. Imported from Turkey.",اللمسة الأخيرة يلي بتكمّل إطلالة صغيرك. بطانية مكرّمة (تريكو) للبيبيهات. تصميم مناسب للبنت والصبي. قماش قطن ناعم وبيتنفّس. غسيل بمي باردة على دورة خفيفة. مستورد من تركيا.,The finishing touch every little outfit needs.,اللمسة الأخيرة يلي بتكمّل إطلالة صغيرك.,28.99,,FALSE,,USD,,,,TRUE,1,TRUE,FALSE,"Accessories, Baby, New Arrival",Active,knitted-baby-blanket-3,,Knitted Baby Blanket - Miniyo
Footed Overall,أوفرول برجلين,Apparel,Footed Overall,Baby,Boys,"Adorable everyday wear that keeps your little one comfy from morning to nap time. A footed overall designed for babies. Designed for boys. Soft, breathable cotton-blend fabric. Machine wash cold, gentle cycle. Imported from Turkey.",لبس ناعم ومريح يخلّي صغيرك مرتاح من الصبح لوقت النوم. أوفرول برجلين (تولوم) للبيبيهات. تصميم للصبيان. قماش قطن ناعم وبيتنفّس. غسيل بمي باردة على دورة خفيفة. مستورد من تركيا.,Adorable everyday wear that keeps your little one comfy from morning to nap time.,لبس ناعم ومريح يخلّي صغيرك مرتاح من الصبح لوقت النوم.,17.99,,FALSE,,USD,,,,TRUE,4,TRUE,FALSE,"Apparel, Baby, Boys, New Arrival",Active,footed-overall-2,,Footed Overall - Miniyo
2-piece Bodysuit,أساسيات,Basics,2-piece Bodysuit,Baby,Unisex,"Wardrobe essentials you'll reach for again and again. This 2-piece bodysuit comes as a coordinated set — great value and an easy gift. Unisex design suits any little one. Soft, breathable cotton-blend fabric. Machine wash cold, gentle cycle. Imported from Turkey.",قطع أساسية رح تلبّسها صغيرك كل يوم. أساسيات للبيبيهات. تصميم مناسب للبنت والصبي. قماش قطن ناعم وبيتنفّس. غسيل بمي باردة على دورة خفيفة. مستورد من تركيا.,Wardrobe essentials you'll reach for again and again.,قطع أساسية رح تلبّسها صغيرك كل يوم.,21.99,,FALSE,,USD,,,,TRUE,4,TRUE,FALSE,"Basics, Baby, New Arrival",Active,2-piece-bodysuit,,2-piece Bodysuit - Miniyo
2-piece Pants,أساسيات,Basics,2-piece Pants,Baby,Girls,"Wardrobe essentials you'll reach for again and again. This 2-piece pants comes as a coordinated set — great value and an easy gift. Designed for girls. Soft, breathable cotton-blend fabric. Machine wash cold, gentle cycle. Imported from Turkey.",قطع أساسية رح تلبّسها صغيرك كل يوم. أساسيات للبيبيهات. تصميم للبنات. قماش قطن ناعم وبيتنفّس. غسيل بمي باردة على دورة خفيفة. مستورد من تركيا.,Wardrobe essentials you'll reach for again and again.,قطع أساسية رح تلبّسها صغيرك كل يوم.,18.99,,FALSE,,USD,,,,TRUE,3,TRUE,FALSE,"Basics, Baby, Girls, New Arrival",Active,2-piece-pants,,2-piece Pants - Miniyo
2-piece Bodysuit,أساسيات,Basics,2-piece Bodysuit,Baby,Girls,"Wardrobe essentials you'll reach for again and again. This 2-piece bodysuit comes as a coordinated set — great value and an easy gift. Designed for girls. Soft, breathable cotton-blend fabric. Machine wash cold, gentle cycle. Imported from Turkey.",قطع أساسية رح تلبّسها صغيرك كل يوم. أساسيات للبيبيهات. تصميم للبنات. قماش قطن ناعم وبيتنفّس. غسيل بمي باردة على دورة خفيفة. مستورد من تركيا.,Wardrobe essentials you'll reach for again and again.,قطع أساسية رح تلبّسها صغيرك كل يوم.,22.99,,FALSE,,USD,,,,TRUE,3,TRUE,FALSE,"Basics, Baby, Girls, New Arrival",Active,2-piece-bodysuit-2,,2-piece Bodysuit - Miniyo
Footed Overall,أوفرول برجلين,Apparel,Footed Overall,Baby,Unisex,"Adorable everyday wear that keeps your little one comfy from morning to nap time. A footed overall designed for babies. Unisex design suits any little one. Soft, breathable cotton-blend fabric. Machine wash cold, gentle cycle. Imported from Turkey.",لبس ناعم ومريح يخلّي صغيرك مرتاح من الصبح لوقت النوم. أوفرول برجلين (تولوم) للبيبيهات. تصميم مناسب للبنت والصبي. قماش قطن ناعم وبيتنفّس. غسيل بمي باردة على دورة خفيفة. مستورد من تركيا.,Adorable everyday wear that keeps your little one comfy from morning to nap time.,لبس ناعم ومريح يخلّي صغيرك مرتاح من الصبح لوقت النوم.,23.99,,FALSE,,USD,,,,TRUE,4,TRUE,FALSE,"Apparel, Baby, New Arrival",Active,footed-overall-3,,Footed Overall - Miniyo
5-piece Set,طقم ٥ قطع,Set,5-piece Set,Baby,Unisex,"A complete, ready-to-gift set — beautifully coordinated so you don't have to mix and match. This 5-piece set comes as a coordinated set — great value and an easy gift. Unisex design suits any little one. Soft, breathable cotton-blend fabric. Machine wash cold, gentle cycle. Imported from Turkey.",طقم كامل ومنسّق، جاهز كهدية حلوة وما بدّك تجمّع القطع لحالك. هيدا طقم ٥ قطع منسّق، قيمة حلوة وهدية سهلة. تصميم مناسب للبنت والصبي. قماش قطن ناعم وبيتنفّس. غسيل بمي باردة على دورة خفيفة. مستورد من تركيا.,"A complete, ready-to-gift set — beautifully coordinated so you don't have to mix and match.",طقم كامل ومنسّق، جاهز كهدية حلوة وما بدّك تجمّع القطع لحالك.,38.99,,FALSE,,USD,,,,TRUE,4,TRUE,FALSE,"Set, Baby, New Arrival, Gift Set",Active,5-piece-set,,5-piece Set - Miniyo
2-piece Set,طقم قطعتين,Set,2-piece Set,Baby,Unisex,"A complete, ready-to-gift set — beautifully coordinated so you don't have to mix and match. This 2-piece set comes as a coordinated set — great value and an easy gift. Unisex design suits any little one. Soft, breathable cotton-blend fabric. Machine wash cold, gentle cycle. Imported from Turkey.",طقم كامل ومنسّق، جاهز كهدية حلوة وما بدّك تجمّع القطع لحالك. هيدا طقم قطعتين منسّق، قيمة حلوة وهدية سهلة. تصميم مناسب للبنت والصبي. قماش قطن ناعم وبيتنفّس. غسيل بمي باردة على دورة خفيفة. مستورد من تركيا.,"A complete, ready-to-gift set — beautifully coordinated so you don't have to mix and match.",طقم كامل ومنسّق، جاهز كهدية حلوة وما بدّك تجمّع القطع لحالك.,32.99,,FALSE,,USD,,,,TRUE,3,TRUE,FALSE,"Set, Baby, New Arrival, Gift Set",Active,2-piece-set,,2-piece Set - Miniyo
2-piece Bodysuit,أساسيات,Basics,2-piece Bodysuit,Baby,Unisex,"Wardrobe essentials you'll reach for again and again. This 2-piece bodysuit comes as a coordinated set — great value and an easy gift. Unisex design suits any little one. Soft, breathable cotton-blend fabric. Machine wash cold, gentle cycle. Imported from Turkey.",قطع أساسية رح تلبّسها صغيرك كل يوم. أساسيات للبيبيهات. تصميم مناسب للبنت والصبي. قماش قطن ناعم وبيتنفّس. غسيل بمي باردة على دورة خفيفة. مستورد من تركيا.,Wardrobe essentials you'll reach for again and again.,قطع أساسية رح تلبّسها صغيرك كل يوم.,16.99,,FALSE,,USD,,,,TRUE,4,TRUE,FALSE,"Basics, Baby, New Arrival",Active,2-piece-bodysuit-3,,2-piece Bodysuit - Miniyo
2-piece Athletic Body,أساسيات,Basics,2-piece Athletic Body,Baby,Unisex,"Wardrobe essentials you'll reach for again and again. This 2-piece athletic body comes as a coordinated set — great value and an easy gift. Unisex design suits any little one. Available in sizes 18-24M, One Size — choose the right fit as baby grows. Choose from Ecru, Gray. Soft, breathable cotton-blend fabric. Machine wash cold, gentle cycle. Imported from Turkey.","قطع أساسية رح تلبّسها صغيرك كل يوم. أساسيات للبيبيهات. تصميم مناسب للبنت والصبي. متوفّر بقياسات 18-24M, One Size — اختاري القياس المناسب مع ما يكبر صغيرك. بتختاري بين إكرو, رمادي. قماش قطن ناعم وبيتنفّس. غسيل بمي باردة على دورة خفيفة. مستورد من تركيا.",Wardrobe essentials you'll reach for again and again.,قطع أساسية رح تلبّسها صغيرك كل يوم.,16.99,,FALSE,,USD,One Size|18-24M,Ecru|Gray,إكرو|رمادي,TRUE,8,TRUE,FALSE,"Basics, Baby, New Arrival",Active,2-piece-athletic-body,,2-piece Athletic Body - Miniyo
2-piece Athletic Body,أساسيات,Basics,2-piece Athletic Body,Baby,Unisex,"Wardrobe essentials you'll reach for again and again. This 2-piece athletic body comes as a coordinated set — great value and an easy gift. Unisex design suits any little one. Soft, breathable cotton-blend fabric. Machine wash cold, gentle cycle. Imported from Turkey.",قطع أساسية رح تلبّسها صغيرك كل يوم. أساسيات للبيبيهات. تصميم مناسب للبنت والصبي. قماش قطن ناعم وبيتنفّس. غسيل بمي باردة على دورة خفيفة. مستورد من تركيا.,Wardrobe essentials you'll reach for again and again.,قطع أساسية رح تلبّسها صغيرك كل يوم.,17.99,,FALSE,,USD,,,,TRUE,3,TRUE,FALSE,"Basics, Baby, New Arrival",Active,2-piece-athletic-body-2,,2-piece Athletic Body - Miniyo
2-piece Bodysuit,أساسيات,Basics,2-piece Bodysuit,Baby,Unisex,"Wardrobe essentials you'll reach for again and again. This 2-piece bodysuit comes as a coordinated set — great value and an easy gift. Unisex design suits any little one. Choose from Lilac, Powder. Soft, breathable cotton-blend fabric. Machine wash cold, gentle cycle. Imported from Turkey.","قطع أساسية رح تلبّسها صغيرك كل يوم. أساسيات للبيبيهات. تصميم مناسب للبنت والصبي. بتختاري بين ليلكي, Powder. قماش قطن ناعم وبيتنفّس. غسيل بمي باردة على دورة خفيفة. مستورد من تركيا.",Wardrobe essentials you'll reach for again and again.,قطع أساسية رح تلبّسها صغيرك كل يوم.,22.99,,FALSE,,USD,,Powder|Lilac,Powder|Lilac,TRUE,6,TRUE,FALSE,"Basics, Baby, New Arrival",Active,2-piece-bodysuit-4,,2-piece Bodysuit - Miniyo
2-piece Bodysuit,أساسيات,Basics,2-piece Bodysuit,Baby,Unisex,"Wardrobe essentials you'll reach for again and again. This 2-piece bodysuit comes as a coordinated set — great value and an easy gift. Unisex design suits any little one. Choose from Lilac, Powder. Soft, breathable cotton-blend fabric. Machine wash cold, gentle cycle. Imported from Turkey.","قطع أساسية رح تلبّسها صغيرك كل يوم. أساسيات للبيبيهات. تصميم مناسب للبنت والصبي. بتختاري بين ليلكي, Powder. قماش قطن ناعم وبيتنفّس. غسيل بمي باردة على دورة خفيفة. مستورد من تركيا.",Wardrobe essentials you'll reach for again and again.,قطع أساسية رح تلبّسها صغيرك كل يوم.,19.99,,FALSE,,USD,,Powder|Lilac,Powder|Lilac,TRUE,8,TRUE,FALSE,"Basics, Baby, New Arrival",Active,2-piece-bodysuit-5,,2-piece Bodysuit - Miniyo
2-piece Bodysuit,أساسيات,Basics,2-piece Bodysuit,Baby,Unisex,"Wardrobe essentials you'll reach for again and again. This 2-piece bodysuit comes as a coordinated set — great value and an easy gift. Unisex design suits any little one. Soft, breathable cotton-blend fabric. Machine wash cold, gentle cycle. Imported from Turkey.",قطع أساسية رح تلبّسها صغيرك كل يوم. أساسيات للبيبيهات. تصميم مناسب للبنت والصبي. قماش قطن ناعم وبيتنفّس. غسيل بمي باردة على دورة خفيفة. مستورد من تركيا.,Wardrobe essentials you'll reach for again and again.,قطع أساسية رح تلبّسها صغيرك كل يوم.,16.99,,FALSE,,USD,,,,TRUE,4,TRUE,FALSE,"Basics, Baby, New Arrival",Active,2-piece-bodysuit-6,,2-piece Bodysuit - Miniyo
2-piece Bodysuit,أساسيات,Basics,2-piece Bodysuit,Baby,Unisex,"Wardrobe essentials you'll reach for again and again. This 2-piece bodysuit comes as a coordinated set — great value and an easy gift. Unisex design suits any little one. Soft, breathable cotton-blend fabric. Machine wash cold, gentle cycle. Imported from Turkey.",قطع أساسية رح تلبّسها صغيرك كل يوم. أساسيات للبيبيهات. تصميم مناسب للبنت والصبي. قماش قطن ناعم وبيتنفّس. غسيل بمي باردة على دورة خفيفة. مستورد من تركيا.,Wardrobe essentials you'll reach for again and again.,قطع أساسية رح تلبّسها صغيرك كل يوم.,16.99,,FALSE,,USD,,,,TRUE,3,TRUE,FALSE,"Basics, Baby, New Arrival",Active,2-piece-bodysuit-7,,2-piece Bodysuit - Miniyo
2-piece Athletic Body,أساسيات,Basics,2-piece Athletic Body,Baby,Unisex,"Wardrobe essentials you'll reach for again and again. This 2-piece athletic body comes as a coordinated set — great value and an easy gift. Unisex design suits any little one. Soft, breathable cotton-blend fabric. Machine wash cold, gentle cycle. Imported from Turkey.",قطع أساسية رح تلبّسها صغيرك كل يوم. أساسيات للبيبيهات. تصميم مناسب للبنت والصبي. قماش قطن ناعم وبيتنفّس. غسيل بمي باردة على دورة خفيفة. مستورد من تركيا.,Wardrobe essentials you'll reach for again and again.,قطع أساسية رح تلبّسها صغيرك كل يوم.,16.99,,FALSE,,USD,,,,TRUE,4,TRUE,FALSE,"Basics, Baby, New Arrival",Active,2-piece-athletic-body-3,,2-piece Athletic Body - Miniyo
2-piece Athletic Body,أساسيات,Basics,2-piece Athletic Body,Baby,Unisex,"Wardrobe essentials you'll reach for again and again. This 2-piece athletic body comes as a coordinated set — great value and an easy gift. Unisex design suits any little one. Soft, breathable cotton-blend fabric. Machine wash cold, gentle cycle. Imported from Turkey.",قطع أساسية رح تلبّسها صغيرك كل يوم. أساسيات للبيبيهات. تصميم مناسب للبنت والصبي. قماش قطن ناعم وبيتنفّس. غسيل بمي باردة على دورة خفيفة. مستورد من تركيا.,Wardrobe essentials you'll reach for again and again.,قطع أساسية رح تلبّسها صغيرك كل يوم.,17.99,,FALSE,,USD,,,,TRUE,3,TRUE,FALSE,"Basics, Baby, New Arrival",Active,2-piece-athletic-body-4,,2-piece Athletic Body - Miniyo
2-piece Set,طقم قطعتين,Set,2-piece Set,Baby,Unisex,"A complete, ready-to-gift set — beautifully coordinated so you don't have to mix and match. This 2-piece set comes as a coordinated set — great value and an easy gift. Unisex design suits any little one. Available in sizes 1-3M, 3-6/6-9/9-12/12-18M — choose the right fit as baby grows. Choose from Brown, Rosewood. Soft, breathable cotton-blend fabric. Machine wash cold, gentle cycle. Imported from Turkey.","طقم كامل ومنسّق، جاهز كهدية حلوة وما بدّك تجمّع القطع لحالك. هيدا طقم قطعتين منسّق، قيمة حلوة وهدية سهلة. تصميم مناسب للبنت والصبي. متوفّر بقياسات 1-3M, 3-6/6-9/9-12/12-18M — اختاري القياس المناسب مع ما يكبر صغيرك. بتختاري بين بني, Rosewood. قماش قطن ناعم وبيتنفّس. غسيل بمي باردة على دورة خفيفة. مستورد من تركيا.","A complete, ready-to-gift set — beautifully coordinated so you don't have to mix and match.",طقم كامل ومنسّق، جاهز كهدية حلوة وما بدّك تجمّع القطع لحالك.,32.99,,FALSE,,USD,1-3M|3-6/6-9/9-12/12-18M,Brown|Rosewood,بني|Rosewood,TRUE,8,TRUE,FALSE,"Set, Baby, New Arrival, Gift Set",Active,2-piece-set-2,,2-piece Set - Miniyo
2-piece Set,طقم قطعتين,Set,2-piece Set,Baby,Unisex,"A complete, ready-to-gift set — beautifully coordinated so you don't have to mix and match. This 2-piece set comes as a coordinated set — great value and an easy gift. Unisex design suits any little one. Soft, breathable cotton-blend fabric. Machine wash cold, gentle cycle. Imported from Turkey.",طقم كامل ومنسّق، جاهز كهدية حلوة وما بدّك تجمّع القطع لحالك. هيدا طقم قطعتين منسّق، قيمة حلوة وهدية سهلة. تصميم مناسب للبنت والصبي. قماش قطن ناعم وبيتنفّس. غسيل بمي باردة على دورة خفيفة. مستورد من تركيا.,"A complete, ready-to-gift set — beautifully coordinated so you don't have to mix and match.",طقم كامل ومنسّق، جاهز كهدية حلوة وما بدّك تجمّع القطع لحالك.,37.99,,FALSE,,USD,,,,TRUE,4,TRUE,FALSE,"Set, Baby, New Arrival, Gift Set",Active,2-piece-set-3,,2-piece Set - Miniyo
Dress,فستان,Apparel,Dress,Baby,Girls,"Adorable everyday wear that keeps your little one comfy from morning to nap time. A dress designed for babies. Designed for girls. Soft, breathable cotton-blend fabric. Machine wash cold, gentle cycle. Imported from Turkey.",لبس ناعم ومريح يخلّي صغيرك مرتاح من الصبح لوقت النوم. فستان للبيبيهات. تصميم للبنات. قماش قطن ناعم وبيتنفّس. غسيل بمي باردة على دورة خفيفة. مستورد من تركيا.,Adorable everyday wear that keeps your little one comfy from morning to nap time.,لبس ناعم ومريح يخلّي صغيرك مرتاح من الصبح لوقت النوم.,42.99,,FALSE,,USD,,,,TRUE,4,TRUE,FALSE,"Apparel, Baby, Girls, New Arrival",Active,dress,,Dress - Miniyo
4-piece Set,طقم ٤ قطع,Set,4-piece Set,Baby,Girls,"A complete, ready-to-gift set — beautifully coordinated so you don't have to mix and match. This 4-piece set comes as a coordinated set — great value and an easy gift. Designed for girls. Soft, breathable cotton-blend fabric. Machine wash cold, gentle cycle. Imported from Turkey.",طقم كامل ومنسّق، جاهز كهدية حلوة وما بدّك تجمّع القطع لحالك. هيدا طقم ٤ قطع منسّق، قيمة حلوة وهدية سهلة. تصميم للبنات. قماش قطن ناعم وبيتنفّس. غسيل بمي باردة على دورة خفيفة. مستورد من تركيا.,"A complete, ready-to-gift set — beautifully coordinated so you don't have to mix and match.",طقم كامل ومنسّق، جاهز كهدية حلوة وما بدّك تجمّع القطع لحالك.,44.99,,FALSE,,USD,,,,TRUE,1,TRUE,FALSE,"Set, Baby, Girls, New Arrival, Gift Set",Active,4-piece-set,,4-piece Set - Miniyo
Body Pants Set,طقم,Set,Body Pants Set,Baby,Unisex,"A complete, ready-to-gift set — beautifully coordinated so you don't have to mix and match. This body pants set comes as a coordinated set — great value and an easy gift. Unisex design suits any little one. Soft, breathable cotton-blend fabric. Machine wash cold, gentle cycle. Imported from Turkey.",طقم كامل ومنسّق، جاهز كهدية حلوة وما بدّك تجمّع القطع لحالك. هيدا طقم منسّق، قيمة حلوة وهدية سهلة. تصميم مناسب للبنت والصبي. قماش قطن ناعم وبيتنفّس. غسيل بمي باردة على دورة خفيفة. مستورد من تركيا.,"A complete, ready-to-gift set — beautifully coordinated so you don't have to mix and match.",طقم كامل ومنسّق، جاهز كهدية حلوة وما بدّك تجمّع القطع لحالك.,37.99,,FALSE,,USD,,,,TRUE,1,TRUE,FALSE,"Set, Baby, New Arrival, Gift Set",Active,body-pants-set,,Body Pants Set - Miniyo
5-piece Towel/cloth,إكسسوار,Accessories,5-piece Towel/cloth,Baby,Boys,"The finishing touch every little outfit needs. This 5-piece towel/cloth comes as a coordinated set — great value and an easy gift. Designed for boys. Choose from Beige, Blue, Pink. Soft, breathable cotton-blend fabric. Machine wash cold, gentle cycle. Imported from Turkey.","اللمسة الأخيرة يلي بتكمّل إطلالة صغيرك. إكسسوار للبيبيهات. تصميم للصبيان. بتختاري بين بيج, أزرق, زهري. قماش قطن ناعم وبيتنفّس. غسيل بمي باردة على دورة خفيفة. مستورد من تركيا.",The finishing touch every little outfit needs.,اللمسة الأخيرة يلي بتكمّل إطلالة صغيرك.,10.99,,FALSE,,USD,,Blue|Pink|Beige,أزرق|زهري|بيج,TRUE,3,TRUE,FALSE,"Accessories, Baby, Boys, New Arrival",Active,5-piece-towel-cloth,,5-piece Towel/cloth - Miniyo
7-piece Baby Cloth,إكسسوار,Accessories,7-piece Baby Cloth,Baby,Unisex,"The finishing touch every little outfit needs. This 7-piece baby cloth comes as a coordinated set — great value and an easy gift. Unisex design suits any little one. Choose from Gray melange, Green. Soft, breathable cotton-blend fabric. Machine wash cold, gentle cycle. Imported from Turkey.","اللمسة الأخيرة يلي بتكمّل إطلالة صغيرك. إكسسوار للبيبيهات. تصميم مناسب للبنت والصبي. بتختاري بين Gray melange, أخضر. قماش قطن ناعم وبيتنفّس. غسيل بمي باردة على دورة خفيفة. مستورد من تركيا.",The finishing touch every little outfit needs.,اللمسة الأخيرة يلي بتكمّل إطلالة صغيرك.,6.99,,FALSE,,USD,,Green|Gray melange,أخضر|Gray melange,TRUE,2,TRUE,FALSE,"Accessories, Baby, New Arrival",Active,7-piece-baby-cloth,,7-piece Baby Cloth - Miniyo
7-piece Baby Cloth,إكسسوار,Accessories,7-piece Baby Cloth,Baby,Unisex,"The finishing touch every little outfit needs. This 7-piece baby cloth comes as a coordinated set — great value and an easy gift. Unisex design suits any little one. Soft, breathable cotton-blend fabric. Machine wash cold, gentle cycle. Imported from Turkey.",اللمسة الأخيرة يلي بتكمّل إطلالة صغيرك. إكسسوار للبيبيهات. تصميم مناسب للبنت والصبي. قماش قطن ناعم وبيتنفّس. غسيل بمي باردة على دورة خفيفة. مستورد من تركيا.,The finishing touch every little outfit needs.,اللمسة الأخيرة يلي بتكمّل إطلالة صغيرك.,6.99,,FALSE,,USD,,,,TRUE,1,TRUE,FALSE,"Accessories, Baby, New Arrival",Active,7-piece-baby-cloth-2,,7-piece Baby Cloth - Miniyo
7-piece Baby Cloth,إكسسوار,Accessories,7-piece Baby Cloth,Baby,Unisex,"The finishing touch every little outfit needs. This 7-piece baby cloth comes as a coordinated set — great value and an easy gift. Unisex design suits any little one. Soft, breathable cotton-blend fabric. Machine wash cold, gentle cycle. Imported from Turkey.",اللمسة الأخيرة يلي بتكمّل إطلالة صغيرك. إكسسوار للبيبيهات. تصميم مناسب للبنت والصبي. قماش قطن ناعم وبيتنفّس. غسيل بمي باردة على دورة خفيفة. مستورد من تركيا.,The finishing touch every little outfit needs.,اللمسة الأخيرة يلي بتكمّل إطلالة صغيرك.,6.99,,FALSE,,USD,,,,TRUE,1,TRUE,FALSE,"Accessories, Baby, New Arrival",Active,7-piece-baby-cloth-3,,7-piece Baby Cloth - Miniyo
7-piece Baby Cloth,إكسسوار,Accessories,7-piece Baby Cloth,Baby,Unisex,"The finishing touch every little outfit needs. This 7-piece baby cloth comes as a coordinated set — great value and an easy gift. Unisex design suits any little one. Soft, breathable cotton-blend fabric. Machine wash cold, gentle cycle. Imported from Turkey.",اللمسة الأخيرة يلي بتكمّل إطلالة صغيرك. إكسسوار للبيبيهات. تصميم مناسب للبنت والصبي. قماش قطن ناعم وبيتنفّس. غسيل بمي باردة على دورة خفيفة. مستورد من تركيا.,The finishing touch every little outfit needs.,اللمسة الأخيرة يلي بتكمّل إطلالة صغيرك.,6.99,,FALSE,,USD,,,,TRUE,1,TRUE,FALSE,"Accessories, Baby, New Arrival",Active,7-piece-baby-cloth-4,,7-piece Baby Cloth - Miniyo
7-piece Baby Cloth,إكسسوار,Accessories,7-piece Baby Cloth,Baby,Unisex,"The finishing touch every little outfit needs. This 7-piece baby cloth comes as a coordinated set — great value and an easy gift. Unisex design suits any little one. Choose from Beige, Green. Soft, breathable cotton-blend fabric. Machine wash cold, gentle cycle. Imported from Turkey.","اللمسة الأخيرة يلي بتكمّل إطلالة صغيرك. إكسسوار للبيبيهات. تصميم مناسب للبنت والصبي. بتختاري بين بيج, أخضر. قماش قطن ناعم وبيتنفّس. غسيل بمي باردة على دورة خفيفة. مستورد من تركيا.",The finishing touch every little outfit needs.,اللمسة الأخيرة يلي بتكمّل إطلالة صغيرك.,6.99,,FALSE,,USD,,Beige|Green,بيج|أخضر,TRUE,4,TRUE,FALSE,"Accessories, Baby, New Arrival",Active,7-piece-baby-cloth-5,,7-piece Baby Cloth - Miniyo
Blanket,بطانية,Accessories,Blanket,Baby,Unisex,"The finishing touch every little outfit needs. A blanket designed for babies. Unisex design suits any little one. Soft, breathable cotton-blend fabric. Machine wash cold, gentle cycle. Imported from Turkey.",اللمسة الأخيرة يلي بتكمّل إطلالة صغيرك. بطانية للبيبيهات. تصميم مناسب للبنت والصبي. قماش قطن ناعم وبيتنفّس. غسيل بمي باردة على دورة خفيفة. مستورد من تركيا.,The finishing touch every little outfit needs.,اللمسة الأخيرة يلي بتكمّل إطلالة صغيرك.,43.99,,FALSE,,USD,,,,TRUE,1,TRUE,FALSE,"Accessories, Baby, New Arrival",Active,blanket,,Blanket - Miniyo
Blanket,بطانية,Accessories,Blanket,Baby,Unisex,"The finishing touch every little outfit needs. A blanket designed for babies. Unisex design suits any little one. Choose from Beige, Ecru, Green. Soft, breathable cotton-blend fabric. Machine wash cold, gentle cycle. Imported from Turkey.","اللمسة الأخيرة يلي بتكمّل إطلالة صغيرك. بطانية للبيبيهات. تصميم مناسب للبنت والصبي. بتختاري بين بيج, إكرو, أخضر. قماش قطن ناعم وبيتنفّس. غسيل بمي باردة على دورة خفيفة. مستورد من تركيا.",The finishing touch every little outfit needs.,اللمسة الأخيرة يلي بتكمّل إطلالة صغيرك.,51.99,,FALSE,,USD,,Green|Beige|Ecru,أخضر|بيج|إكرو,TRUE,3,TRUE,FALSE,"Accessories, Baby, New Arrival",Active,blanket-2,,Blanket - Miniyo
Blanket,بطانية,Accessories,Blanket,Baby,Unisex,"The finishing touch every little outfit needs. A blanket designed for babies. Unisex design suits any little one. Choose from Gray, Mink. Soft, breathable cotton-blend fabric. Machine wash cold, gentle cycle. Imported from Turkey.","اللمسة الأخيرة يلي بتكمّل إطلالة صغيرك. بطانية للبيبيهات. تصميم مناسب للبنت والصبي. بتختاري بين رمادي, Mink. قماش قطن ناعم وبيتنفّس. غسيل بمي باردة على دورة خفيفة. مستورد من تركيا.",The finishing touch every little outfit needs.,اللمسة الأخيرة يلي بتكمّل إطلالة صغيرك.,43.99,,FALSE,,USD,,Mink|Gray,Mink|رمادي,TRUE,4,TRUE,FALSE,"Accessories, Baby, New Arrival",Active,blanket-3,,Blanket - Miniyo
4-piece Set Accessory,طقم,Set,4-piece Set Accessory,Baby,Girls,"A complete, ready-to-gift set — beautifully coordinated so you don't have to mix and match. This 4-piece set accessory comes as a coordinated set — great value and an easy gift. Designed for girls. Soft, breathable cotton-blend fabric. Machine wash cold, gentle cycle. Imported from Turkey.",طقم كامل ومنسّق، جاهز كهدية حلوة وما بدّك تجمّع القطع لحالك. هيدا طقم منسّق، قيمة حلوة وهدية سهلة. تصميم للبنات. قماش قطن ناعم وبيتنفّس. غسيل بمي باردة على دورة خفيفة. مستورد من تركيا.,"A complete, ready-to-gift set — beautifully coordinated so you don't have to mix and match.",طقم كامل ومنسّق، جاهز كهدية حلوة وما بدّك تجمّع القطع لحالك.,14.99,,FALSE,,USD,,,,TRUE,4,TRUE,FALSE,"Set, Baby, Girls, New Arrival, Gift Set",Active,4-piece-set-accessory,,4-piece Set Accessory - Miniyo
4-piece Set Accessory,طقم,Set,4-piece Set Accessory,Baby,Unisex,"A complete, ready-to-gift set — beautifully coordinated so you don't have to mix and match. This 4-piece set accessory comes as a coordinated set — great value and an easy gift. Unisex design suits any little one. Choose from Beige, Ecru. Soft, breathable cotton-blend fabric. Machine wash cold, gentle cycle. Imported from Turkey.","طقم كامل ومنسّق، جاهز كهدية حلوة وما بدّك تجمّع القطع لحالك. هيدا طقم منسّق، قيمة حلوة وهدية سهلة. تصميم مناسب للبنت والصبي. بتختاري بين بيج, إكرو. قماش قطن ناعم وبيتنفّس. غسيل بمي باردة على دورة خفيفة. مستورد من تركيا.","A complete, ready-to-gift set — beautifully coordinated so you don't have to mix and match.",طقم كامل ومنسّق، جاهز كهدية حلوة وما بدّك تجمّع القطع لحالك.,14.99,,FALSE,,USD,,Ecru|Beige,إكرو|بيج,TRUE,2,TRUE,FALSE,"Set, Baby, New Arrival, Gift Set",Active,4-piece-set-accessory-2,,4-piece Set Accessory - Miniyo
4-piece Set Accessory,طقم,Set,4-piece Set Accessory,Baby,Unisex,"A complete, ready-to-gift set — beautifully coordinated so you don't have to mix and match. This 4-piece set accessory comes as a coordinated set — great value and an easy gift. Unisex design suits any little one. Soft, breathable cotton-blend fabric. Machine wash cold, gentle cycle. Imported from Turkey.",طقم كامل ومنسّق، جاهز كهدية حلوة وما بدّك تجمّع القطع لحالك. هيدا طقم منسّق، قيمة حلوة وهدية سهلة. تصميم مناسب للبنت والصبي. قماش قطن ناعم وبيتنفّس. غسيل بمي باردة على دورة خفيفة. مستورد من تركيا.,"A complete, ready-to-gift set — beautifully coordinated so you don't have to mix and match.",طقم كامل ومنسّق، جاهز كهدية حلوة وما بدّك تجمّع القطع لحالك.,14.99,,FALSE,,USD,,,,TRUE,1,TRUE,FALSE,"Set, Baby, New Arrival, Gift Set",Active,4-piece-set-accessory-3,,4-piece Set Accessory - Miniyo
4-piece Set Accessory,طقم,Set,4-piece Set Accessory,Baby,Unisex,"A complete, ready-to-gift set — beautifully coordinated so you don't have to mix and match. This 4-piece set accessory comes as a coordinated set — great value and an easy gift. Unisex design suits any little one. Soft, breathable cotton-blend fabric. Machine wash cold, gentle cycle. Imported from Turkey.",طقم كامل ومنسّق، جاهز كهدية حلوة وما بدّك تجمّع القطع لحالك. هيدا طقم منسّق، قيمة حلوة وهدية سهلة. تصميم مناسب للبنت والصبي. قماش قطن ناعم وبيتنفّس. غسيل بمي باردة على دورة خفيفة. مستورد من تركيا.,"A complete, ready-to-gift set — beautifully coordinated so you don't have to mix and match.",طقم كامل ومنسّق، جاهز كهدية حلوة وما بدّك تجمّع القطع لحالك.,14.99,,FALSE,,USD,,,,TRUE,1,TRUE,FALSE,"Set, Baby, New Arrival, Gift Set",Active,4-piece-set-accessory-4,,4-piece Set Accessory - Miniyo
10-piece Hospital Set,طقم مستشفى ١٠ قطع,Set,10-piece Hospital Set,Baby,Unisex,"A complete, ready-to-gift set — beautifully coordinated so you don't have to mix and match. This 10-piece hospital set comes as a coordinated set — great value and an easy gift. Unisex design suits any little one. Soft, breathable cotton-blend fabric. Machine wash cold, gentle cycle. Imported from Turkey.",طقم كامل ومنسّق، جاهز كهدية حلوة وما بدّك تجمّع القطع لحالك. هيدا طقم مستشفى ١٠ قطع منسّق، قيمة حلوة وهدية سهلة. تصميم مناسب للبنت والصبي. قماش قطن ناعم وبيتنفّس. غسيل بمي باردة على دورة خفيفة. مستورد من تركيا.,"A complete, ready-to-gift set — beautifully coordinated so you don't have to mix and match.",طقم كامل ومنسّق، جاهز كهدية حلوة وما بدّك تجمّع القطع لحالك.,85.99,,FALSE,,USD,,,,TRUE,1,TRUE,FALSE,"Set, Baby, New Arrival, Gift Set",Active,10-piece-hospital-set,,10-piece Hospital Set - Miniyo
2-piece Set,طقم قطعتين,Set,2-piece Set,Baby,Unisex,"A complete, ready-to-gift set — beautifully coordinated so you don't have to mix and match. This 2-piece set comes as a coordinated set — great value and an easy gift. Unisex design suits any little one. Soft, breathable cotton-blend fabric. Machine wash cold, gentle cycle. Imported from Turkey.",طقم كامل ومنسّق، جاهز كهدية حلوة وما بدّك تجمّع القطع لحالك. هيدا طقم قطعتين منسّق، قيمة حلوة وهدية سهلة. تصميم مناسب للبنت والصبي. قماش قطن ناعم وبيتنفّس. غسيل بمي باردة على دورة خفيفة. مستورد من تركيا.,"A complete, ready-to-gift set — beautifully coordinated so you don't have to mix and match.",طقم كامل ومنسّق، جاهز كهدية حلوة وما بدّك تجمّع القطع لحالك.,33.99,,FALSE,,USD,,,,TRUE,5,TRUE,FALSE,"Set, Baby, New Arrival, Gift Set",Active,2-piece-set-4,,2-piece Set - Miniyo
Zip Bodysuit Set,طقم,Set,Zip Bodysuit Set,Baby,Unisex,"A complete, ready-to-gift set — beautifully coordinated so you don't have to mix and match. This zip bodysuit set comes as a coordinated set — great value and an easy gift. Unisex design suits any little one. Soft, breathable cotton-blend fabric. Machine wash cold, gentle cycle. Imported from Turkey.",طقم كامل ومنسّق، جاهز كهدية حلوة وما بدّك تجمّع القطع لحالك. هيدا طقم منسّق، قيمة حلوة وهدية سهلة. تصميم مناسب للبنت والصبي. قماش قطن ناعم وبيتنفّس. غسيل بمي باردة على دورة خفيفة. مستورد من تركيا.,"A complete, ready-to-gift set — beautifully coordinated so you don't have to mix and match.",طقم كامل ومنسّق، جاهز كهدية حلوة وما بدّك تجمّع القطع لحالك.,21.99,,FALSE,,USD,,,,TRUE,5,TRUE,FALSE,"Set, Baby, New Arrival, Gift Set",Active,zip-bodysuit-set,,Zip Bodysuit Set - Miniyo
2-piece Set,طقم قطعتين,Set,2-piece Set,Baby,Unisex,"A complete, ready-to-gift set — beautifully coordinated so you don't have to mix and match. This 2-piece set comes as a coordinated set — great value and an easy gift. Unisex design suits any little one. Soft, breathable cotton-blend fabric. Machine wash cold, gentle cycle. Imported from Turkey.",طقم كامل ومنسّق، جاهز كهدية حلوة وما بدّك تجمّع القطع لحالك. هيدا طقم قطعتين منسّق، قيمة حلوة وهدية سهلة. تصميم مناسب للبنت والصبي. قماش قطن ناعم وبيتنفّس. غسيل بمي باردة على دورة خفيفة. مستورد من تركيا.,"A complete, ready-to-gift set — beautifully coordinated so you don't have to mix and match.",طقم كامل ومنسّق، جاهز كهدية حلوة وما بدّك تجمّع القطع لحالك.,40.99,,FALSE,,USD,,,,TRUE,5,TRUE,FALSE,"Set, Baby, New Arrival, Gift Set",Active,2-piece-set-5,,2-piece Set - Miniyo
Short Set,طقم شورت,Set,Short Set,Baby,Unisex,"A complete, ready-to-gift set — beautifully coordinated so you don't have to mix and match. This short set comes as a coordinated set — great value and an easy gift. Unisex design suits any little one. Soft, breathable cotton-blend fabric. Machine wash cold, gentle cycle. Imported from Turkey.",طقم كامل ومنسّق، جاهز كهدية حلوة وما بدّك تجمّع القطع لحالك. هيدا طقم شورت منسّق، قيمة حلوة وهدية سهلة. تصميم مناسب للبنت والصبي. قماش قطن ناعم وبيتنفّس. غسيل بمي باردة على دورة خفيفة. مستورد من تركيا.,"A complete, ready-to-gift set — beautifully coordinated so you don't have to mix and match.",طقم كامل ومنسّق، جاهز كهدية حلوة وما بدّك تجمّع القطع لحالك.,38.99,,FALSE,,USD,,,,TRUE,5,TRUE,FALSE,"Set, Baby, New Arrival, Gift Set",Active,short-set,,Short Set - Miniyo
2-piece Set,طقم قطعتين,Set,2-piece Set,Baby,Unisex,"A complete, ready-to-gift set — beautifully coordinated so you don't have to mix and match. This 2-piece set comes as a coordinated set — great value and an easy gift. Unisex design suits any little one. Soft, breathable cotton-blend fabric. Machine wash cold, gentle cycle. Imported from Turkey.",طقم كامل ومنسّق، جاهز كهدية حلوة وما بدّك تجمّع القطع لحالك. هيدا طقم قطعتين منسّق، قيمة حلوة وهدية سهلة. تصميم مناسب للبنت والصبي. قماش قطن ناعم وبيتنفّس. غسيل بمي باردة على دورة خفيفة. مستورد من تركيا.,"A complete, ready-to-gift set — beautifully coordinated so you don't have to mix and match.",طقم كامل ومنسّق، جاهز كهدية حلوة وما بدّك تجمّع القطع لحالك.,31.99,,FALSE,,USD,,,,TRUE,5,TRUE,FALSE,"Set, Baby, New Arrival, Gift Set",Active,2-piece-set-6,,2-piece Set - Miniyo
10-piece Set,طقم ١٠ قطع,Set,10-piece Set,Baby,Unisex,"A complete, ready-to-gift set — beautifully coordinated so you don't have to mix and match. This 10-piece set comes as a coordinated set — great value and an easy gift. Unisex design suits any little one. Soft, breathable cotton-blend fabric. Machine wash cold, gentle cycle. Imported from Turkey.",طقم كامل ومنسّق، جاهز كهدية حلوة وما بدّك تجمّع القطع لحالك. هيدا طقم ١٠ قطع منسّق، قيمة حلوة وهدية سهلة. تصميم مناسب للبنت والصبي. قماش قطن ناعم وبيتنفّس. غسيل بمي باردة على دورة خفيفة. مستورد من تركيا.,"A complete, ready-to-gift set — beautifully coordinated so you don't have to mix and match.",طقم كامل ومنسّق، جاهز كهدية حلوة وما بدّك تجمّع القطع لحالك.,116.99,,FALSE,,USD,,,,TRUE,1,TRUE,FALSE,"Set, Baby, New Arrival, Gift Set",Active,10-piece-set,,10-piece Set - Miniyo
10-piece Set,طقم ١٠ قطع,Set,10-piece Set,Baby,Unisex,"A complete, ready-to-gift set — beautifully coordinated so you don't have to mix and match. This 10-piece set comes as a coordinated set — great value and an easy gift. Unisex design suits any little one. Soft, breathable cotton-blend fabric. Machine wash cold, gentle cycle. Imported from Turkey.",طقم كامل ومنسّق، جاهز كهدية حلوة وما بدّك تجمّع القطع لحالك. هيدا طقم ١٠ قطع منسّق، قيمة حلوة وهدية سهلة. تصميم مناسب للبنت والصبي. قماش قطن ناعم وبيتنفّس. غسيل بمي باردة على دورة خفيفة. مستورد من تركيا.,"A complete, ready-to-gift set — beautifully coordinated so you don't have to mix and match.",طقم كامل ومنسّق، جاهز كهدية حلوة وما بدّك تجمّع القطع لحالك.,116.99,,FALSE,,USD,,,,TRUE,1,TRUE,FALSE,"Set, Baby, New Arrival, Gift Set",Active,10-piece-set-2,,10-piece Set - Miniyo
10-piece Set,طقم ١٠ قطع,Set,10-piece Set,Baby,Unisex,"A complete, ready-to-gift set — beautifully coordinated so you don't have to mix and match. This 10-piece set comes as a coordinated set — great value and an easy gift. Unisex design suits any little one. Soft, breathable cotton-blend fabric. Machine wash cold, gentle cycle. Imported from Turkey.",طقم كامل ومنسّق، جاهز كهدية حلوة وما بدّك تجمّع القطع لحالك. هيدا طقم ١٠ قطع منسّق، قيمة حلوة وهدية سهلة. تصميم مناسب للبنت والصبي. قماش قطن ناعم وبيتنفّس. غسيل بمي باردة على دورة خفيفة. مستورد من تركيا.,"A complete, ready-to-gift set — beautifully coordinated so you don't have to mix and match.",طقم كامل ومنسّق، جاهز كهدية حلوة وما بدّك تجمّع القطع لحالك.,135.99,,FALSE,,USD,,,,TRUE,1,TRUE,FALSE,"Set, Baby, New Arrival, Gift Set",Active,10-piece-set-3,,10-piece Set - Miniyo
Footed Tights,كولون بكلسات,Accessories,Footed Tights,Baby,Unisex,"The finishing touch every little outfit needs. A footed tights designed for babies. Unisex design suits any little one. Soft, breathable cotton-blend fabric. Machine wash cold, gentle cycle. Imported from Turkey.",اللمسة الأخيرة يلي بتكمّل إطلالة صغيرك. كولون بكلسات للبيبيهات. تصميم مناسب للبنت والصبي. قماش قطن ناعم وبيتنفّس. غسيل بمي باردة على دورة خفيفة. مستورد من تركيا.,The finishing touch every little outfit needs.,اللمسة الأخيرة يلي بتكمّل إطلالة صغيرك.,5.99,,FALSE,,USD,,,,TRUE,12,TRUE,FALSE,"Accessories, Baby, New Arrival",Active,footed-tights,,Footed Tights - Miniyo
Footed Tights,كولون بكلسات,Accessories,Footed Tights,Baby,Unisex,"The finishing touch every little outfit needs. A footed tights designed for babies. Unisex design suits any little one. Soft, breathable cotton-blend fabric. Machine wash cold, gentle cycle. Imported from Turkey.",اللمسة الأخيرة يلي بتكمّل إطلالة صغيرك. كولون بكلسات للبيبيهات. تصميم مناسب للبنت والصبي. قماش قطن ناعم وبيتنفّس. غسيل بمي باردة على دورة خفيفة. مستورد من تركيا.,The finishing touch every little outfit needs.,اللمسة الأخيرة يلي بتكمّل إطلالة صغيرك.,7.99,,FALSE,,USD,,,,TRUE,24,TRUE,FALSE,"Accessories, Baby, New Arrival",Active,footed-tights-2,,Footed Tights - Miniyo
2-pair Abs Socks,كلسات ٢ جوز ABS مانعة للتزحلق,Accessories,2-pair Abs Socks,Baby,Unisex,"The finishing touch every little outfit needs. A 2-pair abs socks designed for babies. Unisex design suits any little one. Soft, breathable cotton-blend fabric. Machine wash cold, gentle cycle. Imported from Turkey.",اللمسة الأخيرة يلي بتكمّل إطلالة صغيرك. كلسات ٢ جوز ABS مانعة للتزحلق للبيبيهات. تصميم مناسب للبنت والصبي. قماش قطن ناعم وبيتنفّس. غسيل بمي باردة على دورة خفيفة. مستورد من تركيا.,The finishing touch every little outfit needs.,اللمسة الأخيرة يلي بتكمّل إطلالة صغيرك.,66.99,,FALSE,,USD,,,,TRUE,1,TRUE,FALSE,"Accessories, Baby, New Arrival",Active,2-pair-abs-socks,,2-pair Abs Socks - Miniyo
2-pair Abs Socks,كلسات ٢ جوز ABS مانعة للتزحلق,Accessories,2-pair Abs Socks,Baby,Unisex,"The finishing touch every little outfit needs. A 2-pair abs socks designed for babies. Unisex design suits any little one. Soft, breathable cotton-blend fabric. Machine wash cold, gentle cycle. Imported from Turkey.",اللمسة الأخيرة يلي بتكمّل إطلالة صغيرك. كلسات ٢ جوز ABS مانعة للتزحلق للبيبيهات. تصميم مناسب للبنت والصبي. قماش قطن ناعم وبيتنفّس. غسيل بمي باردة على دورة خفيفة. مستورد من تركيا.,The finishing touch every little outfit needs.,اللمسة الأخيرة يلي بتكمّل إطلالة صغيرك.,66.99,,FALSE,,USD,,,,TRUE,2,TRUE,FALSE,"Accessories, Baby, New Arrival",Active,2-pair-abs-socks-2,,2-pair Abs Socks - Miniyo
2-pair Abs Socks,كلسات ٢ جوز ABS مانعة للتزحلق,Accessories,2-pair Abs Socks,Baby,Unisex,"The finishing touch every little outfit needs. A 2-pair abs socks designed for babies. Unisex design suits any little one. Soft, breathable cotton-blend fabric. Machine wash cold, gentle cycle. Imported from Turkey.",اللمسة الأخيرة يلي بتكمّل إطلالة صغيرك. كلسات ٢ جوز ABS مانعة للتزحلق للبيبيهات. تصميم مناسب للبنت والصبي. قماش قطن ناعم وبيتنفّس. غسيل بمي باردة على دورة خفيفة. مستورد من تركيا.,The finishing touch every little outfit needs.,اللمسة الأخيرة يلي بتكمّل إطلالة صغيرك.,66.99,,FALSE,,USD,,,,TRUE,1,TRUE,FALSE,"Accessories, Baby, New Arrival",Active,2-pair-abs-socks-3,,2-pair Abs Socks - Miniyo
2-pair Abs Socks,كلسات ٢ جوز ABS مانعة للتزحلق,Accessories,2-pair Abs Socks,Baby,Unisex,"The finishing touch every little outfit needs. A 2-pair abs socks designed for babies. Unisex design suits any little one. Soft, breathable cotton-blend fabric. Machine wash cold, gentle cycle. Imported from Turkey.",اللمسة الأخيرة يلي بتكمّل إطلالة صغيرك. كلسات ٢ جوز ABS مانعة للتزحلق للبيبيهات. تصميم مناسب للبنت والصبي. قماش قطن ناعم وبيتنفّس. غسيل بمي باردة على دورة خفيفة. مستورد من تركيا.,The finishing touch every little outfit needs.,اللمسة الأخيرة يلي بتكمّل إطلالة صغيرك.,56.99,,FALSE,,USD,,,,TRUE,1,TRUE,FALSE,"Accessories, Baby, New Arrival",Active,2-pair-abs-socks-4,,2-pair Abs Socks - Miniyo
Socks,كلسات,Accessories,Socks,Baby,Unisex,"The finishing touch every little outfit needs. A socks designed for babies. Unisex design suits any little one. Soft, breathable cotton-blend fabric. Machine wash cold, gentle cycle. Imported from Turkey.",اللمسة الأخيرة يلي بتكمّل إطلالة صغيرك. كلسات للبيبيهات. تصميم مناسب للبنت والصبي. قماش قطن ناعم وبيتنفّس. غسيل بمي باردة على دورة خفيفة. مستورد من تركيا.,The finishing touch every little outfit needs.,اللمسة الأخيرة يلي بتكمّل إطلالة صغيرك.,43.99,,FALSE,,USD,,,,TRUE,3,TRUE,FALSE,"Accessories, Baby, New Arrival",Active,socks,,Socks - Miniyo
2-pair Abs Socks,كلسات ٢ جوز ABS مانعة للتزحلق,Accessories,2-pair Abs Socks,Baby,Unisex,"The finishing touch every little outfit needs. A 2-pair abs socks designed for babies. Unisex design suits any little one. Soft, breathable cotton-blend fabric. Machine wash cold, gentle cycle. Imported from Turkey.",اللمسة الأخيرة يلي بتكمّل إطلالة صغيرك. كلسات ٢ جوز ABS مانعة للتزحلق للبيبيهات. تصميم مناسب للبنت والصبي. قماش قطن ناعم وبيتنفّس. غسيل بمي باردة على دورة خفيفة. مستورد من تركيا.,The finishing touch every little outfit needs.,اللمسة الأخيرة يلي بتكمّل إطلالة صغيرك.,61.99,,FALSE,,USD,,,,TRUE,1,TRUE,FALSE,"Accessories, Baby, New Arrival",Active,2-pair-abs-socks-5,,2-pair Abs Socks - Miniyo
2-pair Abs Socks,كلسات ٢ جوز ABS مانعة للتزحلق,Accessories,2-pair Abs Socks,Baby,Unisex,"The finishing touch every little outfit needs. A 2-pair abs socks designed for babies. Unisex design suits any little one. Soft, breathable cotton-blend fabric. Machine wash cold, gentle cycle. Imported from Turkey.",اللمسة الأخيرة يلي بتكمّل إطلالة صغيرك. كلسات ٢ جوز ABS مانعة للتزحلق للبيبيهات. تصميم مناسب للبنت والصبي. قماش قطن ناعم وبيتنفّس. غسيل بمي باردة على دورة خفيفة. مستورد من تركيا.,The finishing touch every little outfit needs.,اللمسة الأخيرة يلي بتكمّل إطلالة صغيرك.,61.99,,FALSE,,USD,,,,TRUE,1,TRUE,FALSE,"Accessories, Baby, New Arrival",Active,2-pair-abs-socks-6,,2-pair Abs Socks - Miniyo
3-pair Socks,كلسات ٣ جوزات,Accessories,3-pair Socks,Baby,Unisex,"The finishing touch every little outfit needs. A 3-pair socks designed for babies. Unisex design suits any little one. Soft, breathable cotton-blend fabric. Machine wash cold, gentle cycle. Imported from Turkey.",اللمسة الأخيرة يلي بتكمّل إطلالة صغيرك. كلسات ٣ جوزات للبيبيهات. تصميم مناسب للبنت والصبي. قماش قطن ناعم وبيتنفّس. غسيل بمي باردة على دورة خفيفة. مستورد من تركيا.,The finishing touch every little outfit needs.,اللمسة الأخيرة يلي بتكمّل إطلالة صغيرك.,72.99,,FALSE,,USD,,,,TRUE,2,TRUE,FALSE,"Accessories, Baby, New Arrival",Active,3-pair-socks,,3-pair Socks - Miniyo
Knee-high Socks,كلسات لتحت الركبة,Accessories,Knee-high Socks,Baby,Unisex,"The finishing touch every little outfit needs. A knee-high socks designed for babies. Unisex design suits any little one. Soft, breathable cotton-blend fabric. Machine wash cold, gentle cycle. Imported from Turkey.",اللمسة الأخيرة يلي بتكمّل إطلالة صغيرك. كلسات لتحت الركبة للبيبيهات. تصميم مناسب للبنت والصبي. قماش قطن ناعم وبيتنفّس. غسيل بمي باردة على دورة خفيفة. مستورد من تركيا.,The finishing touch every little outfit needs.,اللمسة الأخيرة يلي بتكمّل إطلالة صغيرك.,30.99,,FALSE,,USD,,,,TRUE,1,TRUE,FALSE,"Accessories, Baby, New Arrival",Active,knee-high-socks,,Knee-high Socks - Miniyo
Knee-high Socks,كلسات لتحت الركبة,Accessories,Knee-high Socks,Baby,Unisex,"The finishing touch every little outfit needs. A knee-high socks designed for babies. Unisex design suits any little one. Soft, breathable cotton-blend fabric. Machine wash cold, gentle cycle. Imported from Turkey.",اللمسة الأخيرة يلي بتكمّل إطلالة صغيرك. كلسات لتحت الركبة للبيبيهات. تصميم مناسب للبنت والصبي. قماش قطن ناعم وبيتنفّس. غسيل بمي باردة على دورة خفيفة. مستورد من تركيا.,The finishing touch every little outfit needs.,اللمسة الأخيرة يلي بتكمّل إطلالة صغيرك.,42.99,,FALSE,,USD,,,,TRUE,1,TRUE,FALSE,"Accessories, Baby, New Arrival",Active,knee-high-socks-2,,Knee-high Socks - Miniyo
Dress,فستان,Apparel,Dress,Baby,Unisex,"Adorable everyday wear that keeps your little one comfy from morning to nap time. A dress designed for babies. Unisex design suits any little one. Soft, breathable cotton-blend fabric. Machine wash cold, gentle cycle. Imported from Turkey.",لبس ناعم ومريح يخلّي صغيرك مرتاح من الصبح لوقت النوم. فستان للبيبيهات. تصميم مناسب للبنت والصبي. قماش قطن ناعم وبيتنفّس. غسيل بمي باردة على دورة خفيفة. مستورد من تركيا.,Adorable everyday wear that keeps your little one comfy from morning to nap time.,لبس ناعم ومريح يخلّي صغيرك مرتاح من الصبح لوقت النوم.,27.99,,FALSE,,USD,,,,TRUE,5,TRUE,FALSE,"Apparel, Baby, New Arrival",Active,dress-2,,Dress - Miniyo
Babymy Unisex Baby Bathrobe,روب حمّام,Apparel,Bathrobe,Baby,Boys,"Adorable everyday wear that keeps your little one comfy from morning to nap time. A bathrobe designed for babies. Designed for boys. Soft, breathable cotton-blend fabric. Machine wash cold, gentle cycle. Imported from Turkey.",لبس ناعم ومريح يخلّي صغيرك مرتاح من الصبح لوقت النوم. روب حمّام (برنس) للبيبيهات. تصميم للصبيان. قماش قطن ناعم وبيتنفّس. غسيل بمي باردة على دورة خفيفة. مستورد من تركيا.,Adorable everyday wear that keeps your little one comfy from morning to nap time.,لبس ناعم ومريح يخلّي صغيرك مرتاح من الصبح لوقت النوم.,13.99,,FALSE,,USD,,,,TRUE,3,TRUE,FALSE,"Apparel, Baby, Boys, New Arrival",Active,babymy-unisex-baby-bathrobe,,Babymy Unisex Baby Bathrobe - Miniyo
Babymy Unisex Baby Bathrobe,روب حمّام,Apparel,Bathrobe,Baby,Boys,"Adorable everyday wear that keeps your little one comfy from morning to nap time. A bathrobe designed for babies. Designed for boys. Soft, breathable cotton-blend fabric. Machine wash cold, gentle cycle. Imported from Turkey.",لبس ناعم ومريح يخلّي صغيرك مرتاح من الصبح لوقت النوم. روب حمّام (برنس) للبيبيهات. تصميم للصبيان. قماش قطن ناعم وبيتنفّس. غسيل بمي باردة على دورة خفيفة. مستورد من تركيا.,Adorable everyday wear that keeps your little one comfy from morning to nap time.,لبس ناعم ومريح يخلّي صغيرك مرتاح من الصبح لوقت النوم.,13.99,,FALSE,,USD,,,,TRUE,3,TRUE,FALSE,"Apparel, Baby, Boys, New Arrival",Active,babymy-unisex-baby-bathrobe-2,,Babymy Unisex Baby Bathrobe - Miniyo
Babymy Unisex Baby Bathrobe,روب حمّام,Apparel,Bathrobe,Baby,Boys,"Adorable everyday wear that keeps your little one comfy from morning to nap time. A bathrobe designed for babies. Designed for boys. Soft, breathable cotton-blend fabric. Machine wash cold, gentle cycle. Imported from Turkey.",لبس ناعم ومريح يخلّي صغيرك مرتاح من الصبح لوقت النوم. روب حمّام (برنس) للبيبيهات. تصميم للصبيان. قماش قطن ناعم وبيتنفّس. غسيل بمي باردة على دورة خفيفة. مستورد من تركيا.,Adorable everyday wear that keeps your little one comfy from morning to nap time.,لبس ناعم ومريح يخلّي صغيرك مرتاح من الصبح لوقت النوم.,13.99,,FALSE,,USD,,,,TRUE,4,TRUE,FALSE,"Apparel, Baby, Boys, New Arrival",Active,babymy-unisex-baby-bathrobe-3,,Babymy Unisex Baby Bathrobe - Miniyo
Ramel Girl Baby Bathrobe,روب حمّام,Apparel,Bathrobe,Baby,Girls,"Adorable everyday wear that keeps your little one comfy from morning to nap time. A bathrobe designed for babies. Designed for girls. Soft, breathable cotton-blend fabric. Machine wash cold, gentle cycle. Imported from Turkey.",لبس ناعم ومريح يخلّي صغيرك مرتاح من الصبح لوقت النوم. روب حمّام (برنس) للبيبيهات. تصميم للبنات. قماش قطن ناعم وبيتنفّس. غسيل بمي باردة على دورة خفيفة. مستورد من تركيا.,Adorable everyday wear that keeps your little one comfy from morning to nap time.,لبس ناعم ومريح يخلّي صغيرك مرتاح من الصبح لوقت النوم.,36.99,,FALSE,,USD,,,,TRUE,1,TRUE,FALSE,"Apparel, Baby, Girls, New Arrival",Active,ramel-girl-baby-bathrobe,,Ramel Girl Baby Bathrobe - Miniyo
Ramel Boy Baby Bathrobe,روب حمّام,Apparel,Bathrobe,Baby,Boys,"Adorable everyday wear that keeps your little one comfy from morning to nap time. A bathrobe designed for babies. Designed for boys. Soft, breathable cotton-blend fabric. Machine wash cold, gentle cycle. Imported from Turkey.",لبس ناعم ومريح يخلّي صغيرك مرتاح من الصبح لوقت النوم. روب حمّام (برنس) للبيبيهات. تصميم للصبيان. قماش قطن ناعم وبيتنفّس. غسيل بمي باردة على دورة خفيفة. مستورد من تركيا.,Adorable everyday wear that keeps your little one comfy from morning to nap time.,لبس ناعم ومريح يخلّي صغيرك مرتاح من الصبح لوقت النوم.,35.99,,FALSE,,USD,,,,TRUE,1,TRUE,FALSE,"Apparel, Baby, Boys, New Arrival",Active,ramel-boy-baby-bathrobe,,Ramel Boy Baby Bathrobe - Miniyo
Ramel Unisex Kids Bathrobe,روب حمّام,Apparel,Bathrobe,Baby,Unisex,"Adorable everyday wear that keeps your little one comfy from morning to nap time. A bathrobe designed for babies. Unisex design suits any little one. Soft, breathable cotton-blend fabric. Machine wash cold, gentle cycle. Imported from Turkey.",لبس ناعم ومريح يخلّي صغيرك مرتاح من الصبح لوقت النوم. روب حمّام (برنس) للبيبيهات. تصميم مناسب للبنت والصبي. قماش قطن ناعم وبيتنفّس. غسيل بمي باردة على دورة خفيفة. مستورد من تركيا.,Adorable everyday wear that keeps your little one comfy from morning to nap time.,لبس ناعم ومريح يخلّي صغيرك مرتاح من الصبح لوقت النوم.,33.99,,FALSE,,USD,,,,TRUE,2,TRUE,FALSE,"Apparel, Baby, New Arrival",Active,ramel-unisex-kids-bathrobe,,Ramel Unisex Kids Bathrobe - Miniyo
Girls Hat,طاقية بناتي,Accessories,Girls Hat,Baby/Toddler,Girls,"The finishing touch every little outfit needs. A girls hat designed for little ones. Designed for girls. Soft, breathable cotton-blend fabric. Machine wash cold, gentle cycle. Imported from Turkey.",اللمسة الأخيرة يلي بتكمّل إطلالة صغيرك. طاقية بناتي للصغار. تصميم للبنات. قماش قطن ناعم وبيتنفّس. غسيل بمي باردة على دورة خفيفة. مستورد من تركيا.,The finishing touch every little outfit needs.,اللمسة الأخيرة يلي بتكمّل إطلالة صغيرك.,6.99,,FALSE,,USD,,,,TRUE,5,TRUE,FALSE,"Accessories, Baby/Toddler, Girls, New Arrival",Active,girls-hat,,Girls Hat - Miniyo
Polar Bear Hooded Pajama,لبس نوم,Sleepwear,Polar Bear Hooded Pajama,Baby/Toddler,Unisex,"Cozy, gentle sleepwear for sweeter, calmer nights. A polar bear hooded pajama designed for little ones. Unisex design suits any little one. Soft, breathable cotton-blend fabric. Machine wash cold, gentle cycle. Imported from Turkey.",لبس نوم ناعم ودافي لليالي أهدأ وأحلى. لبس نوم للصغار. تصميم مناسب للبنت والصبي. قماش قطن ناعم وبيتنفّس. غسيل بمي باردة على دورة خفيفة. مستورد من تركيا.,"Cozy, gentle sleepwear for sweeter, calmer nights.",لبس نوم ناعم ودافي لليالي أهدأ وأحلى.,16.99,,FALSE,,USD,,,,TRUE,4,TRUE,FALSE,"Sleepwear, Baby/Toddler, New Arrival",Active,polar-bear-hooded-pajama,,Polar Bear Hooded Pajama - Miniyo
Star Pajama,لبس نوم,Sleepwear,Star Pajama,Baby/Toddler,Unisex,"Cozy, gentle sleepwear for sweeter, calmer nights. A star pajama designed for little ones. Unisex design suits any little one. Soft, breathable cotton-blend fabric. Machine wash cold, gentle cycle. Imported from Turkey.",لبس نوم ناعم ودافي لليالي أهدأ وأحلى. لبس نوم للصغار. تصميم مناسب للبنت والصبي. قماش قطن ناعم وبيتنفّس. غسيل بمي باردة على دورة خفيفة. مستورد من تركيا.,"Cozy, gentle sleepwear for sweeter, calmer nights.",لبس نوم ناعم ودافي لليالي أهدأ وأحلى.,16.99,,FALSE,,USD,,,,TRUE,4,TRUE,FALSE,"Sleepwear, Baby/Toddler, New Arrival",Active,star-pajama,,Star Pajama - Miniyo
Color Pajama Set,لبس نوم,Sleepwear,Color Pajama Set,Baby/Toddler,Unisex,"Cozy, gentle sleepwear for sweeter, calmer nights. A color pajama set designed for little ones. Unisex design suits any little one. Soft, breathable cotton-blend fabric. Machine wash cold, gentle cycle. Imported from Turkey.",لبس نوم ناعم ودافي لليالي أهدأ وأحلى. لبس نوم للصغار. تصميم مناسب للبنت والصبي. قماش قطن ناعم وبيتنفّس. غسيل بمي باردة على دورة خفيفة. مستورد من تركيا.,"Cozy, gentle sleepwear for sweeter, calmer nights.",لبس نوم ناعم ودافي لليالي أهدأ وأحلى.,6.99,,FALSE,,USD,,,,TRUE,12,TRUE,FALSE,"Sleepwear, Baby/Toddler, New Arrival, Gift Set",Active,color-pajama-set,,Color Pajama Set - Miniyo
Red Pajama,لبس نوم,Sleepwear,Red Pajama,Baby/Toddler,Unisex,"Cozy, gentle sleepwear for sweeter, calmer nights. A red pajama designed for little ones. Unisex design suits any little one. Soft, breathable cotton-blend fabric. Machine wash cold, gentle cycle. Imported from Turkey.",لبس نوم ناعم ودافي لليالي أهدأ وأحلى. لبس نوم للصغار. تصميم مناسب للبنت والصبي. قماش قطن ناعم وبيتنفّس. غسيل بمي باردة على دورة خفيفة. مستورد من تركيا.,"Cozy, gentle sleepwear for sweeter, calmer nights.",لبس نوم ناعم ودافي لليالي أهدأ وأحلى.,18.99,,FALSE,,USD,,,,TRUE,4,TRUE,FALSE,"Sleepwear, Baby/Toddler, New Arrival",Active,red-pajama,,Red Pajama - Miniyo
Color Pajama,بيجاما قطن ملوّنة,Sleepwear,Color Pajama,Baby/Toddler,Unisex,"Cozy, gentle sleepwear for sweeter, calmer nights. A color pajama designed for little ones. Unisex design suits any little one. Soft, breathable cotton-blend fabric. Machine wash cold, gentle cycle. Imported from Turkey.",لبس نوم ناعم ودافي لليالي أهدأ وأحلى. بيجاما قطن ملوّنة للصغار. تصميم مناسب للبنت والصبي. قماش قطن ناعم وبيتنفّس. غسيل بمي باردة على دورة خفيفة. مستورد من تركيا.,"Cozy, gentle sleepwear for sweeter, calmer nights.",لبس نوم ناعم ودافي لليالي أهدأ وأحلى.,6.99,,FALSE,,USD,,,,TRUE,12,TRUE,FALSE,"Sleepwear, Baby/Toddler, New Arrival",Active,color-pajama,,Color Pajama - Miniyo
Pajama,بيجاما قطن,Sleepwear,Pajama,Baby/Toddler,Unisex,"Cozy, gentle sleepwear for sweeter, calmer nights. A pajama designed for little ones. Unisex design suits any little one. Soft, breathable cotton-blend fabric. Machine wash cold, gentle cycle. Imported from Turkey.",لبس نوم ناعم ودافي لليالي أهدأ وأحلى. بيجاما قطن للصغار. تصميم مناسب للبنت والصبي. قماش قطن ناعم وبيتنفّس. غسيل بمي باردة على دورة خفيفة. مستورد من تركيا.,"Cozy, gentle sleepwear for sweeter, calmer nights.",لبس نوم ناعم ودافي لليالي أهدأ وأحلى.,16.99,,FALSE,,USD,,,,TRUE,4,TRUE,FALSE,"Sleepwear, Baby/Toddler, New Arrival",Active,pajama,,Pajama - Miniyo
Fruit Pajama,بيجاما أوفرول,Sleepwear,Fruit Pajama,Baby/Toddler,Unisex,"Cozy, gentle sleepwear for sweeter, calmer nights. A fruit pajama designed for little ones. Unisex design suits any little one. Soft, breathable cotton-blend fabric. Machine wash cold, gentle cycle. Imported from Turkey.",لبس نوم ناعم ودافي لليالي أهدأ وأحلى. بيجاما أوفرول للصغار. تصميم مناسب للبنت والصبي. قماش قطن ناعم وبيتنفّس. غسيل بمي باردة على دورة خفيفة. مستورد من تركيا.,"Cozy, gentle sleepwear for sweeter, calmer nights.",لبس نوم ناعم ودافي لليالي أهدأ وأحلى.,22.99,,FALSE,,USD,,,,TRUE,4,TRUE,FALSE,"Sleepwear, Baby/Toddler, New Arrival",Active,fruit-pajama,,Fruit Pajama - Miniyo
Fruit Pajama,لبس نوم,Sleepwear,Fruit Pajama,Baby/Toddler,Unisex,"Cozy, gentle sleepwear for sweeter, calmer nights. A fruit pajama designed for little ones. Unisex design suits any little one. Soft, breathable cotton-blend fabric. Machine wash cold, gentle cycle. Imported from Turkey.",لبس نوم ناعم ودافي لليالي أهدأ وأحلى. لبس نوم للصغار. تصميم مناسب للبنت والصبي. قماش قطن ناعم وبيتنفّس. غسيل بمي باردة على دورة خفيفة. مستورد من تركيا.,"Cozy, gentle sleepwear for sweeter, calmer nights.",لبس نوم ناعم ودافي لليالي أهدأ وأحلى.,22.99,,FALSE,,USD,,,,TRUE,4,TRUE,FALSE,"Sleepwear, Baby/Toddler, New Arrival",Active,fruit-pajama-2,,Fruit Pajama - Miniyo
Boy Short+t-shirt Set,لبس,Apparel,Boy Short+t-shirt Set,Baby/Toddler,Unisex,"Adorable everyday wear that keeps your little one comfy from morning to nap time. This boy short+t-shirt set comes as a coordinated set — great value and an easy gift. Unisex design suits any little one. Soft, breathable cotton-blend fabric. Machine wash cold, gentle cycle. Imported from Turkey.",لبس ناعم ومريح يخلّي صغيرك مرتاح من الصبح لوقت النوم. لبس للصغار. تصميم مناسب للبنت والصبي. قماش قطن ناعم وبيتنفّس. غسيل بمي باردة على دورة خفيفة. مستورد من تركيا.,Adorable everyday wear that keeps your little one comfy from morning to nap time.,لبس ناعم ومريح يخلّي صغيرك مرتاح من الصبح لوقت النوم.,21.99,,FALSE,,USD,,,,TRUE,4,TRUE,FALSE,"Apparel, Baby/Toddler, New Arrival, Gift Set",Active,boy-short-t-shirt-set,,Boy Short+t-shirt Set - Miniyo
Boy T-shirt+short Set,لبس,Apparel,Boy T-shirt+short Set,Baby/Toddler,Unisex,"Adorable everyday wear that keeps your little one comfy from morning to nap time. This boy t-shirt+short set comes as a coordinated set — great value and an easy gift. Unisex design suits any little one. Soft, breathable cotton-blend fabric. Machine wash cold, gentle cycle. Imported from Turkey.",لبس ناعم ومريح يخلّي صغيرك مرتاح من الصبح لوقت النوم. لبس للصغار. تصميم مناسب للبنت والصبي. قماش قطن ناعم وبيتنفّس. غسيل بمي باردة على دورة خفيفة. مستورد من تركيا.,Adorable everyday wear that keeps your little one comfy from morning to nap time.,لبس ناعم ومريح يخلّي صغيرك مرتاح من الصبح لوقت النوم.,21.99,,FALSE,,USD,,,,TRUE,4,TRUE,FALSE,"Apparel, Baby/Toddler, New Arrival, Gift Set",Active,boy-t-shirt-short-set,,Boy T-shirt+short Set - Miniyo
Girl Set T-shirt+short,لبس,Apparel,Girl Set T-shirt+short,Baby/Toddler,Girls,"Adorable everyday wear that keeps your little one comfy from morning to nap time. This girl set t-shirt+short comes as a coordinated set — great value and an easy gift. Designed for girls. Soft, breathable cotton-blend fabric. Machine wash cold, gentle cycle. Imported from Turkey.",لبس ناعم ومريح يخلّي صغيرك مرتاح من الصبح لوقت النوم. لبس للصغار. تصميم للبنات. قماش قطن ناعم وبيتنفّس. غسيل بمي باردة على دورة خفيفة. مستورد من تركيا.,Adorable everyday wear that keeps your little one comfy from morning to nap time.,لبس ناعم ومريح يخلّي صغيرك مرتاح من الصبح لوقت النوم.,21.99,,FALSE,,USD,,,,TRUE,4,TRUE,FALSE,"Apparel, Baby/Toddler, Girls, New Arrival, Gift Set",Active,girl-set-t-shirt-short,,Girl Set T-shirt+short - Miniyo
Snap Pajama Set,طقم بيجاما بكبسات,Sleepwear,Snap Pajama Set,Baby/Toddler,Unisex,"Cozy, gentle sleepwear for sweeter, calmer nights. This snap pajama set comes as a coordinated set — great value and an easy gift. Unisex design suits any little one. Soft, breathable cotton-blend fabric. Machine wash cold, gentle cycle. Imported from Turkey.",لبس نوم ناعم ودافي لليالي أهدأ وأحلى. هيدا طقم بيجاما بكبسات منسّق، قيمة حلوة وهدية سهلة. تصميم مناسب للبنت والصبي. قماش قطن ناعم وبيتنفّس. غسيل بمي باردة على دورة خفيفة. مستورد من تركيا.,"Cozy, gentle sleepwear for sweeter, calmer nights.",لبس نوم ناعم ودافي لليالي أهدأ وأحلى.,15.99,,FALSE,,USD,,,,TRUE,4,TRUE,FALSE,"Sleepwear, Baby/Toddler, New Arrival, Gift Set",Active,snap-pajama-set,,Snap Pajama Set - Miniyo
Bicycle Collar Pajama,لبس نوم,Sleepwear,Bicycle Collar Pajama,Baby/Toddler,Unisex,"Cozy, gentle sleepwear for sweeter, calmer nights. This bicycle collar pajama comes as a coordinated set — great value and an easy gift. Unisex design suits any little one. Soft, breathable cotton-blend fabric. Machine wash cold, gentle cycle. Imported from Turkey.",لبس نوم ناعم ودافي لليالي أهدأ وأحلى. لبس نوم للصغار. تصميم مناسب للبنت والصبي. قماش قطن ناعم وبيتنفّس. غسيل بمي باردة على دورة خفيفة. مستورد من تركيا.,"Cozy, gentle sleepwear for sweeter, calmer nights.",لبس نوم ناعم ودافي لليالي أهدأ وأحلى.,14.99,,FALSE,,USD,,,,TRUE,4,TRUE,FALSE,"Sleepwear, Baby/Toddler, New Arrival",Active,bicycle-collar-pajama,,Bicycle Collar Pajama - Miniyo
Braided Ski Cap,طاقية مكرّمة,Accessories,Braided Ski Cap,Baby/Toddler,Unisex,"The finishing touch every little outfit needs. A braided ski cap designed for little ones. Unisex design suits any little one. Soft, breathable cotton-blend fabric. Machine wash cold, gentle cycle. Imported from Turkey.",اللمسة الأخيرة يلي بتكمّل إطلالة صغيرك. طاقية مكرّمة للصغار. تصميم مناسب للبنت والصبي. قماش قطن ناعم وبيتنفّس. غسيل بمي باردة على دورة خفيفة. مستورد من تركيا.,The finishing touch every little outfit needs.,اللمسة الأخيرة يلي بتكمّل إطلالة صغيرك.,18.99,,FALSE,,USD,,,,TRUE,1,TRUE,FALSE,"Accessories, Baby/Toddler, New Arrival",Active,braided-ski-cap,,Braided Ski Cap - Miniyo
Snap Pajama Set,طقم بيجاما بكبسات,Sleepwear,Snap Pajama Set,Baby/Toddler,Unisex,"Cozy, gentle sleepwear for sweeter, calmer nights. This snap pajama set comes as a coordinated set — great value and an easy gift. Unisex design suits any little one. Soft, breathable cotton-blend fabric. Machine wash cold, gentle cycle. Imported from Turkey.",لبس نوم ناعم ودافي لليالي أهدأ وأحلى. هيدا طقم بيجاما بكبسات منسّق، قيمة حلوة وهدية سهلة. تصميم مناسب للبنت والصبي. قماش قطن ناعم وبيتنفّس. غسيل بمي باردة على دورة خفيفة. مستورد من تركيا.,"Cozy, gentle sleepwear for sweeter, calmer nights.",لبس نوم ناعم ودافي لليالي أهدأ وأحلى.,15.99,,FALSE,,USD,,,,TRUE,4,TRUE,FALSE,"Sleepwear, Baby/Toddler, New Arrival, Gift Set",Active,snap-pajama-set-2,,Snap Pajama Set - Miniyo
Daisy Hair Clip Set,طقم مشابك شعر,Accessories,Daisy Hair Clip Set,Baby/Toddler,Unisex,"The finishing touch every little outfit needs. A daisy hair clip set designed for little ones. Unisex design suits any little one. Soft, breathable cotton-blend fabric. Machine wash cold, gentle cycle. Imported from Turkey.",اللمسة الأخيرة يلي بتكمّل إطلالة صغيرك. هيدا طقم مشابك شعر منسّق، قيمة حلوة وهدية سهلة. تصميم مناسب للبنت والصبي. قماش قطن ناعم وبيتنفّس. غسيل بمي باردة على دورة خفيفة. مستورد من تركيا.,The finishing touch every little outfit needs.,اللمسة الأخيرة يلي بتكمّل إطلالة صغيرك.,2.99,,FALSE,,USD,,,,TRUE,6,TRUE,FALSE,"Accessories, Baby/Toddler, New Arrival, Gift Set",Active,daisy-hair-clip-set,,Daisy Hair Clip Set - Miniyo
Snap Pajama Set,طقم بيجاما بكبسات,Sleepwear,Snap Pajama Set,Baby/Toddler,Unisex,"Cozy, gentle sleepwear for sweeter, calmer nights. This snap pajama set comes as a coordinated set — great value and an easy gift. Unisex design suits any little one. Soft, breathable cotton-blend fabric. Machine wash cold, gentle cycle. Imported from Turkey.",لبس نوم ناعم ودافي لليالي أهدأ وأحلى. هيدا طقم بيجاما بكبسات منسّق، قيمة حلوة وهدية سهلة. تصميم مناسب للبنت والصبي. قماش قطن ناعم وبيتنفّس. غسيل بمي باردة على دورة خفيفة. مستورد من تركيا.,"Cozy, gentle sleepwear for sweeter, calmer nights.",لبس نوم ناعم ودافي لليالي أهدأ وأحلى.,15.99,,FALSE,,USD,,,,TRUE,4,TRUE,FALSE,"Sleepwear, Baby/Toddler, New Arrival, Gift Set",Active,snap-pajama-set-3,,Snap Pajama Set - Miniyo
Zero-collar Pajama,بيجاما بدون ياقة,Sleepwear,Zero-collar Pajama,Baby/Toddler,Unisex,"Cozy, gentle sleepwear for sweeter, calmer nights. This zero-collar pajama comes as a coordinated set — great value and an easy gift. Unisex design suits any little one. Soft, breathable cotton-blend fabric. Machine wash cold, gentle cycle. Imported from Turkey.",لبس نوم ناعم ودافي لليالي أهدأ وأحلى. بيجاما بدون ياقة للصغار. تصميم مناسب للبنت والصبي. قماش قطن ناعم وبيتنفّس. غسيل بمي باردة على دورة خفيفة. مستورد من تركيا.,"Cozy, gentle sleepwear for sweeter, calmer nights.",لبس نوم ناعم ودافي لليالي أهدأ وأحلى.,14.99,,FALSE,,USD,,,,TRUE,4,TRUE,FALSE,"Sleepwear, Baby/Toddler, New Arrival",Active,zero-collar-pajama,,Zero-collar Pajama - Miniyo
Zero-collar Pajama,بيجاما بدون ياقة,Sleepwear,Zero-collar Pajama,Baby/Toddler,Unisex,"Cozy, gentle sleepwear for sweeter, calmer nights. This zero-collar pajama comes as a coordinated set — great value and an easy gift. Unisex design suits any little one. Soft, breathable cotton-blend fabric. Machine wash cold, gentle cycle. Imported from Turkey.",لبس نوم ناعم ودافي لليالي أهدأ وأحلى. بيجاما بدون ياقة للصغار. تصميم مناسب للبنت والصبي. قماش قطن ناعم وبيتنفّس. غسيل بمي باردة على دورة خفيفة. مستورد من تركيا.,"Cozy, gentle sleepwear for sweeter, calmer nights.",لبس نوم ناعم ودافي لليالي أهدأ وأحلى.,14.99,,FALSE,,USD,,,,TRUE,4,TRUE,FALSE,"Sleepwear, Baby/Toddler, New Arrival",Active,zero-collar-pajama-2,,Zero-collar Pajama - Miniyo
Colored Pompom Hairband,ربطة شعر بكرات ملوّنة,Accessories,Colored Pompom Hairband,Baby/Toddler,Unisex,"The finishing touch every little outfit needs. A colored pompom hairband designed for little ones. Unisex design suits any little one. Soft, breathable cotton-blend fabric. Machine wash cold, gentle cycle. Imported from Turkey.",اللمسة الأخيرة يلي بتكمّل إطلالة صغيرك. ربطة شعر بكرات ملوّنة للصغار. تصميم مناسب للبنت والصبي. قماش قطن ناعم وبيتنفّس. غسيل بمي باردة على دورة خفيفة. مستورد من تركيا.,The finishing touch every little outfit needs.,اللمسة الأخيرة يلي بتكمّل إطلالة صغيرك.,2.99,,FALSE,,USD,,,,TRUE,24,TRUE,FALSE,"Accessories, Baby/Toddler, New Arrival",Active,colored-pompom-hairband,,Colored Pompom Hairband - Miniyo
Ribbed Hairband,ربطة شعر,Accessories,Ribbed Hairband,Baby/Toddler,Unisex,"The finishing touch every little outfit needs. A ribbed hairband designed for little ones. Unisex design suits any little one. Soft, breathable cotton-blend fabric. Machine wash cold, gentle cycle. Imported from Turkey.",اللمسة الأخيرة يلي بتكمّل إطلالة صغيرك. ربطة شعر للصغار. تصميم مناسب للبنت والصبي. قماش قطن ناعم وبيتنفّس. غسيل بمي باردة على دورة خفيفة. مستورد من تركيا.,The finishing touch every little outfit needs.,اللمسة الأخيرة يلي بتكمّل إطلالة صغيرك.,1.99,,FALSE,,USD,,,,TRUE,4,TRUE,FALSE,"Accessories, Baby/Toddler, New Arrival",Active,ribbed-hairband,,Ribbed Hairband - Miniyo
Printed Rib Hairband,ربطة شعر مطبوعة,Accessories,Printed Rib Hairband,Baby/Toddler,Unisex,"The finishing touch every little outfit needs. A printed rib hairband designed for little ones. Unisex design suits any little one. Soft, breathable cotton-blend fabric. Machine wash cold, gentle cycle. Imported from Turkey.",اللمسة الأخيرة يلي بتكمّل إطلالة صغيرك. ربطة شعر مطبوعة للصغار. تصميم مناسب للبنت والصبي. قماش قطن ناعم وبيتنفّس. غسيل بمي باردة على دورة خفيفة. مستورد من تركيا.,The finishing touch every little outfit needs.,اللمسة الأخيرة يلي بتكمّل إطلالة صغيرك.,1.99,,FALSE,,USD,,,,TRUE,6,TRUE,FALSE,"Accessories, Baby/Toddler, New Arrival",Active,printed-rib-hairband,,Printed Rib Hairband - Miniyo
Grosgrain Clip,مشبك شعر,Accessories,Grosgrain Clip,Baby/Toddler,Unisex,"The finishing touch every little outfit needs. A grosgrain clip designed for little ones. Unisex design suits any little one. Soft, breathable cotton-blend fabric. Machine wash cold, gentle cycle. Imported from Turkey.",اللمسة الأخيرة يلي بتكمّل إطلالة صغيرك. مشبك شعر للصغار. تصميم مناسب للبنت والصبي. قماش قطن ناعم وبيتنفّس. غسيل بمي باردة على دورة خفيفة. مستورد من تركيا.,The finishing touch every little outfit needs.,اللمسة الأخيرة يلي بتكمّل إطلالة صغيرك.,4.99,,FALSE,,USD,,,,TRUE,4,TRUE,FALSE,"Accessories, Baby/Toddler, New Arrival",Active,grosgrain-clip,,Grosgrain Clip - Miniyo
7-piece Tissue Box Cloth,إكسسوار,Accessories,7-piece Tissue Box Cloth,Baby/Toddler,Unisex,"The finishing touch every little outfit needs. A 7-piece tissue box cloth designed for little ones. Unisex design suits any little one. Soft, breathable cotton-blend fabric. Machine wash cold, gentle cycle. Imported from Turkey.",اللمسة الأخيرة يلي بتكمّل إطلالة صغيرك. إكسسوار للصغار. تصميم مناسب للبنت والصبي. قماش قطن ناعم وبيتنفّس. غسيل بمي باردة على دورة خفيفة. مستورد من تركيا.,The finishing touch every little outfit needs.,اللمسة الأخيرة يلي بتكمّل إطلالة صغيرك.,4.99,,FALSE,,USD,,,,TRUE,4,TRUE,FALSE,"Accessories, Baby/Toddler, New Arrival",Active,7-piece-tissue-box-cloth,,7-piece Tissue Box Cloth - Miniyo
